Timestamp,Action,Case #,Auction Date,Property Address,Final Judgment,Assessed Value,Plaintiff Max Bid,Parcel ID
2026-04-17T07:13:23,NEW,24-CA-000507,04/23/2026 09:00 AM ET,"2131 ALDRIDGE AVE FORT MYERS, FL- 33907","$183,032.09","$174,343.00","$183,032.09",13-45-24-01-00007.0150
2026-04-17T07:13:23,NEW,24-CA-000956,04/23/2026 09:00 AM ET,"17160 PHLOX DR FORT MYERS, FL- 33967","$261,411.28","$309,285.00","$261,411.28",09-46-25-04-00224.0160
2026-04-17T07:13:23,NEW,24-CA-007546,04/23/2026 09:00 AM ET,"5534 COGNAC DR FORT MYERS, FL- 33919","$1,071,853.97","$993,448.00","$1,071,853.97",15-45-24-08-000DD.0020
2026-04-17T07:13:23,NEW,24-CC-003677,04/23/2026 09:00 AM ET,"13147 HAMPSHIRE CT FORT MYERS, FL- 33919","$32,892.82","$197,882.00","$32,892.82",21-45-24-42-00000.2190
2026-04-17T07:13:23,NEW,25-CA-001068,04/23/2026 09:00 AM ET,"3709 10TH ST SW LEHIGH ACRES, FL- 33976","$95,006.42","$146,958.00",Hidden,34-44-26-L2-11108.0050
2026-04-17T07:13:23,NEW,25-CA-001244,04/23/2026 09:00 AM ET,"403 SW 28TH PL CAPE CORAL, FL- 33991","$278,824.04","$262,843.00",Hidden,17-44-23-C4-03930.0220
2026-04-17T07:13:23,NEW,25-CA-002316,04/23/2026 09:00 AM ET,"3007 39TH ST SW LEHIGH ACRES, FL- 33976","$239,101.86","$21,803.00","$239,101.86",12-45-26-L1-03024.0030
2026-04-17T07:13:23,NEW,25-CA-002345,04/23/2026 09:00 AM ET,"2121 NW 3RD PL CAPE CORAL, FL- 33993","$20,634.41","$32,300.00","$20,634.41",35-43-23-C2-02747.0030
2026-04-17T07:13:23,NEW,25-CA-002348,04/23/2026 09:00 AM ET,"235 EUPHRATES AVE S LEHIGH ACRES, FL- 33974","$11,327.99","$15,343.00","$11,327.99",02-45-27-L3-12079.0070
2026-04-17T07:13:23,NEW,25-CA-002568,04/23/2026 09:00 AM ET,"2000 JEFFERSON AVE ALVA, FL- 33920","$147,810.17","$11,232.00","$147,810.17",02-44-27-L4-16062.0130
2026-04-17T07:13:23,NEW,24-CA-006440,04/30/2026 09:00 AM ET,"27041 EDGEWOOD ST BONITA SPRINGS, FL- 34135","$315,836.66","$303,297.00","$315,836.66",35-47-25-B1-02600.0350
2026-04-17T07:13:23,NEW,24-CC-001736,04/30/2026 09:00 AM ET,"2324 NW 31ST TER CAPE CORAL, FL- 33993","$9,884.92","$404,226.00","$14,250.04",28-43-23-C1-05104.0030
2026-04-17T07:13:23,NEW,25-CA-000448,04/30/2026 09:00 AM ET,"4100 STEAMBOAT BND E 401 FORT MYERS, FL- 33919","$104,839.15","$216,491.00","$104,839.15",16-45-24-25-SBE54.4010
2026-04-17T07:13:23,NEW,25-CA-001952,04/30/2026 09:00 AM ET,"11575 CANOPY LOOP FORT MYERS, FL- 33913","$86,849.65","$617,901.00","$86,849.65",08-45-26-L3-28010.0190
2026-04-17T07:13:23,NEW,25-CA-002175,04/30/2026 09:00 AM ET,"6656 WAKEFIELD DR FORT MYERS, FL- 33966","$332,676.26","$280,441.00","$332,676.26",19-45-25-06-00000.0520
2026-04-17T07:13:23,NEW,25-CA-002217,04/30/2026 09:00 AM ET,"414 NE 15TH PL CAPE CORAL, FL- 33909","$200,860.54","$256,701.00","$200,860.54",07-44-24-C2-03570.0250
2026-04-17T07:13:23,NEW,25-CA-002290,04/30/2026 09:00 AM ET,"650 TRAVERS AVE FORT MYERS, FL- 33919","$84,794.12","$1,081,898.00","$84,794.12",16-45-24-05-00027.0000
2026-04-17T07:13:23,NEW,25-CA-002561,04/30/2026 09:00 AM ET,"1766 CAPE CORAL PKWY E 103 CAPE CORAL, FL- 33904","$34,227.88","$106,025.00","$34,227.88",17-45-24-C1-00400.1030
2026-04-17T07:13:23,NEW,25-CA-002608,04/30/2026 09:00 AM ET,"3303 75TH ST W LEHIGH ACRES, FL- 33971","$300,003.52","$226,661.00",Hidden,02-44-26-L2-05049.0090
2026-04-17T07:13:23,NEW,25-CA-003339,04/30/2026 09:00 AM ET,"702 E 15TH ST LEHIGH ACRES, FL- 33972","$213,457.60","$12,113.00","$213,457.60",16-44-27-L2-08032.001B
2026-04-17T07:13:23,NEW,23-CA-011030,05/07/2026 09:00 AM ET,"914 NE VAN LOON LN CAPE CORAL, FL- 33909","$947,082.61","$261,077.00","$131,103.60",Property
2026-04-17T07:13:23,NEW,24-CA-007001,05/07/2026 09:00 AM ET,"14579 CARVA LN FORT MYERS, FL- 33905","$638,767.35","$376,427.00","$638,767.35",34-43-26-L4-10000.8370
2026-04-17T07:13:23,NEW,24-CA-007603,05/07/2026 09:00 AM ET,"2123 SE 11TH AVE CAPE CORAL, FL- 33990","$234,666.73","$484,031.00","$234,666.73",30-44-24-C4-00443.0410
2026-04-17T07:13:23,NEW,24-CC-009348,05/07/2026 09:00 AM ET,"1822 NE 1ST PL CAPE CORAL, FL- 33909","$22,099.73","$36,338.00","$22,099.73",36-43-23-C4-02506.0130
2026-04-17T07:13:23,NEW,25-CA-000068,05/07/2026 09:00 AM ET,"2797 FIRST ST FORT MYERS, FL- 33916","$69,792.96","$585,841.00","$69,792.96",13-44-24-P2-03000.2001
2026-04-17T07:13:23,NEW,25-CA-001353,05/07/2026 09:00 AM ET,"2228 NW 7TH TER CAPE CORAL, FL- 33993","$153,138.05","$242,594.00","$153,138.05",09-44-23-C1-03779.0150
2026-04-17T07:13:23,NEW,25-CA-002037,05/07/2026 09:00 AM ET,"2411 MILLIE AVE S LEHIGH ACRES, FL- 33973","$7,944.88","$193,958.00","$199,777.30",Property
2026-04-17T07:13:23,NEW,25-CA-002776,05/07/2026 09:00 AM ET,"1447 SW 1ST ST CAPE CORAL, FL- 33991","$680,565.96","$383,091.00","$680,565.96",15-44-23-C1-03639.0510
2026-04-17T07:13:23,NEW,07-CA-012381,05/14/2026 09:00 AM ET,"2445 WEST GULF DR 44A SANIBEL, FL- 33957","$1,119,377.77","$69,925.00","$803,646.27",Property
2026-04-17T07:13:23,NEW,24-CA-004296,05/14/2026 09:00 AM ET,"1325 NE 35TH ST CAPE CORAL, FL- 33909","$499,295.77","$354,144.00","$499,295.77",19-43-24-C2-05593.0820
2026-04-17T07:13:23,NEW,25-CA-000922,05/14/2026 09:00 AM ET,"1521 SW 43RD LN CAPE CORAL, FL- 33914","$795,446.12","$519,938.00","$795,446.12",10-45-23-C1-03337.0710
2026-04-17T07:13:23,NEW,25-CA-001761,05/14/2026 09:00 AM ET,"5600 BONITA BEACH RD SW 605 BONITA SPRINGS, FL- 34134","$142,500.31","$275,358.00","$142,500.31",31-47-25-B3-01300.0605
2026-04-17T07:13:23,NEW,25-CA-002564,05/14/2026 09:00 AM ET,"615 SW 53RD TER CAPE CORAL, FL- 33914",$0.00,"$528,923.00","$1,004,009.48",Property
2026-04-17T07:13:23,NEW,25-CA-003387,05/14/2026 09:00 AM ET,"1608 SW 13TH TER CAPE CORAL, FL- 33991","$539,510.00","$381,539.00","$539,510.00",21-44-23-C3-04822.0130
2026-04-20T04:32:12,NEW,23-CA-006531,05/14/2026 09:00 AM ET,"1045 NE 2ND ST CAPE CORAL, FL- 33909","$263,637.71","$279,397.00","$263,637.71",07-44-24-C4-03586.0330
2026-04-20T04:32:12,NEW,23-CA-012707,05/14/2026 09:00 AM ET,"2445 WEST GULF DR 44A SANIBEL, FL- 33957","$803,646.27","$69,925.00","$803,646.27",35-46-22-T2-0130A.0440
2026-04-20T04:32:12,NEW,25-CA-002727,05/14/2026 09:00 AM ET,"615 SW 53RD TER CAPE CORAL, FL- 33914","$44,669.15","$528,923.00","$1,004,009.48",Property
2026-04-22T04:32:24,NEW,25-CA-003869,04/30/2026 09:00 AM ET,"26235 HICKORY BLVD 9A BONITA SPRINGS, FL- 34134","$773,685.55","$586,164.00","$773,685.55",25-47-24-B2-04202.09A0
2026-04-22T04:32:24,CLOSED,24-CA-006440,04/30/2026 09:00 AM ET,"27041 EDGEWOOD ST BONITA SPRINGS, FL- 34135","$315,836.66","$303,297.00","$315,836.66",35-47-25-B1-02600.0350
2026-04-23T04:32:27,NEW,25-CA-002817,05/14/2026 09:00 AM ET,"615 SW 53RD TER CAPE CORAL, FL- 33914","$1,004,009.48","$528,923.00","$1,004,009.48",14-45-23-C4-04534.0340
2026-04-24T04:32:20,CLOSED,24-CA-000507,04/23/2026 09:00 AM ET,"2131 ALDRIDGE AVE FORT MYERS, FL- 33907","$183,032.09","$174,343.00",Hidden,13-45-24-01-00007.0150
2026-04-24T04:32:20,CLOSED,24-CA-000956,04/23/2026 09:00 AM ET,"17160 PHLOX DR FORT MYERS, FL- 33967","$261,411.28","$309,285.00","$216,340.00",09-46-25-04-00224.0160
2026-04-24T04:32:20,CLOSED,24-CA-007546,04/23/2026 09:00 AM ET,"5534 COGNAC DR FORT MYERS, FL- 33919","$1,071,853.97","$993,448.00",Hidden,15-45-24-08-000DD.0020
2026-04-24T04:32:20,CLOSED,24-CC-003677,04/23/2026 09:00 AM ET,"13147 HAMPSHIRE CT FORT MYERS, FL- 33919","$32,892.82","$197,882.00","$32,892.82",21-45-24-42-00000.2190
2026-04-24T04:32:20,CLOSED,25-CA-001068,04/23/2026 09:00 AM ET,"3709 10TH ST SW LEHIGH ACRES, FL- 33976","$95,006.42","$146,958.00",Hidden,34-44-26-L2-11108.0050
2026-04-24T04:32:20,CLOSED,25-CA-001244,04/23/2026 09:00 AM ET,"403 SW 28TH PL CAPE CORAL, FL- 33991","$278,824.04","$262,843.00",Hidden,17-44-23-C4-03930.0220
2026-04-24T04:32:20,CLOSED,25-CA-002316,04/23/2026 09:00 AM ET,"3007 39TH ST SW LEHIGH ACRES, FL- 33976","$239,101.86","$21,803.00",Hidden,12-45-26-L1-03024.0030
2026-04-24T04:32:20,CLOSED,25-CA-002345,04/23/2026 09:00 AM ET,"2121 NW 3RD PL CAPE CORAL, FL- 33993","$20,634.41","$32,300.00","$20,634.41",35-43-23-C2-02747.0030
2026-04-24T04:32:20,CLOSED,25-CA-002348,04/23/2026 09:00 AM ET,"235 EUPHRATES AVE S LEHIGH ACRES, FL- 33974","$11,327.99","$15,343.00","$11,327.99",02-45-27-L3-12079.0070
2026-04-24T04:32:20,CLOSED,25-CA-002568,04/23/2026 09:00 AM ET,"2000 JEFFERSON AVE ALVA, FL- 33920","$147,810.17","$11,232.00",Hidden,02-44-27-L4-16062.0130
2026-04-27T04:32:22,NEW,23-CC-003560,05/21/2026 09:00 AM ET,"8345 SUNCOAST DR NORTH FORT MYERS, FL- 33917","$25,156.91","$91,250.00","$25,156.91",24-43-24-03-00018.0440
2026-04-27T04:32:22,NEW,24-CA-007196,05/21/2026 09:00 AM ET,"1717 CHIQUITA BLVD N CAPE CORAL, FL- 33993","$666,289.29","$331,401.00","$463,576.66",Property
2026-04-27T04:32:22,NEW,25-CA-003090,05/21/2026 09:00 AM ET,"1501 NE 11TH TER CAPE CORAL, FL- 33909","$8,075.75","$435,094.00","$8,075.75",06-44-24-C3-02061.0170
2026-04-28T04:32:19,NEW,25-CA-003281,05/21/2026 09:00 AM ET,"954 MARILYN AVE S LEHIGH ACRES, FL- 33974","$7,762.70","$238,308.00","$208,251.21",Property
2026-04-28T04:32:19,NEW,25-CA-003746,05/21/2026 09:00 AM ET,"10309 SILVER POND LN LEHIGH ACRES, FL- 33936","$232,950.69","$271,552.00","$232,950.69",05-45-27-L3-01000.3540
2026-04-28T04:32:19,NEW,25-CA-004623,05/21/2026 09:00 AM ET,"203 CHIQUITA BLVD S CAPE CORAL, FL- 33991","$393,337.27","$273,016.00","$393,337.27",15-44-23-C1-03633.0150
2026-04-29T04:32:19,NEW,25-CA-002390,05/21/2026 09:00 AM ET,"1717 CHIQUITA BLVD N CAPE CORAL, FL- 33993","$463,576.66","$331,401.00","$463,576.66",34-43-23-C4-02939.0090
2026-04-29T04:32:19,NEW,25-CA-003434,05/21/2026 09:00 AM ET,"5913 UNTERMEYER CT NORTH FORT MYERS, FL- 33903","$383,145.22","$261,848.00","$383,145.22",16-44-24-17-00003.1410
2026-04-29T04:32:19,NEW,25-CA-003661,05/21/2026 09:00 AM ET,"954 MARILYN AVE S LEHIGH ACRES, FL- 33974","$208,251.21","$238,308.00","$208,251.21",25-45-27-L2-07042.0340
2026-04-29T04:32:19,NEW,25-CA-001244,05/28/2026 09:00 AM ET,"318 SE 46TH LN CAPE CORAL, FL- 33904","$278,824.04","$354,890.00","$191,225.79",Property
2026-04-30T04:32:20,NEW,25-CA-002710,05/28/2026 09:00 AM ET,"2153 NW 18TH AVE CAPE CORAL, FL- 33993","$452,901.26","$367,985.00","$452,901.26",33-43-23-C2-03879.0170
2026-04-30T04:32:20,NEW,25-CA-003442,05/28/2026 09:00 AM ET,"10721 FIGTREE CT LEHIGH ACRES, FL- 33936","$267,221.85","$185,485.00","$267,221.85",05-45-27-L4-00002.0120
2026-04-30T04:32:20,NEW,25-CA-003443,05/28/2026 09:00 AM ET,"318 SE 46TH LN CAPE CORAL, FL- 33904","$191,225.79","$354,890.00","$191,225.79",12-45-23-C4-00225.0290
2026-04-30T04:32:20,NEW,25-CA-003914,05/28/2026 09:00 AM ET,"428 SW 28TH AVE CAPE CORAL, FL- 33991","$127,385.44","$55,718.00","$127,385.44",17-44-23-C4-03930.0530
2026-04-30T04:32:20,NEW,25-CA-003949,05/28/2026 09:00 AM ET,"336 SW 31ST PL CAPE CORAL, FL- 33991","$340,676.65","$339,791.00","$340,676.65",17-44-23-C1-03941.0380
2026-05-01T04:32:15,NEW,25-CA-002944,05/07/2026 09:00 AM ET,"2507 SE 25TH PL CAPE CORAL, FL- 33904","$286,685.72","$406,528.00","$286,685.72",33-44-24-C2-01229.0150
2026-05-01T04:32:15,NEW,25-CA-003519,05/07/2026 09:00 AM ET,"1006 PALMETTO AVE LEHIGH ACRES, FL- 33972","$354,994.67","$251,786.00","$354,994.67",20-44-27-L1-07027.0090
2026-05-01T04:32:15,NEW,25-CA-003457,05/14/2026 09:00 AM ET,"8471 OLINDA WAY 3703 FORT MYERS, FL- 33912","$275,733.42","$314,977.00","$275,733.42",09-45-25-P4-00200.3703
2026-05-01T04:32:15,NEW,25-CA-001366,05/28/2026 09:00 AM ET,"3350 NORTH KEY DR 603 NORTH FORT MYERS, FL- 33903","$116,126.02","$210,354.00","$116,126.02",11-44-24-17-0000A.6030
2026-05-01T04:32:15,NEW,25-CA-003295,05/28/2026 09:00 AM ET,"10721 FIGTREE CT LEHIGH ACRES, FL- 33936","$4,553.80","$185,485.00","$267,221.85",Property
2026-05-01T04:32:15,NEW,25-CA-003996,05/28/2026 09:00 AM ET,"1444 SANDPIPER CIR SANIBEL, FL- 33957","$442,609.50","$407,804.00","$442,609.50",19-46-23-T1-00400.022B
2026-05-01T04:32:15,NEW,25-CA-004039,05/28/2026 09:00 AM ET,"3828 TILBOR CIR FORT MYERS, FL- 33916","$15,397.08","$271,750.00","$15,397.08",32-44-25-P1-01100.1170
2026-05-01T04:32:15,CLOSED,24-CC-001736,04/30/2026 09:00 AM ET,"2324 NW 31ST TER CAPE CORAL, FL- 33993","$9,884.92","$404,226.00","$14,250.04",28-43-23-C1-05104.0030
2026-05-01T04:32:15,CLOSED,25-CA-000448,04/30/2026 09:00 AM ET,"4100 STEAMBOAT BND E 401 FORT MYERS, FL- 33919","$104,839.15","$216,491.00",Hidden,16-45-24-25-SBE54.4010
2026-05-01T04:32:15,CLOSED,25-CA-001952,04/30/2026 09:00 AM ET,"11575 CANOPY LOOP FORT MYERS, FL- 33913","$86,849.65","$617,901.00","$86,849.65",08-45-26-L3-28010.0190
2026-05-01T04:32:15,CLOSED,25-CA-002175,04/30/2026 09:00 AM ET,"6656 WAKEFIELD DR FORT MYERS, FL- 33966","$332,676.26","$280,441.00",Hidden,19-45-25-06-00000.0520
2026-05-01T04:32:15,CLOSED,25-CA-002217,04/30/2026 09:00 AM ET,"414 NE 15TH PL CAPE CORAL, FL- 33909","$200,860.54","$256,701.00",Hidden,07-44-24-C2-03570.0250
2026-05-01T04:32:15,CLOSED,25-CA-002290,04/30/2026 09:00 AM ET,"650 TRAVERS AVE FORT MYERS, FL- 33919","$84,794.12","$1,081,898.00","$94,357.13",16-45-24-05-00027.0000
2026-05-01T04:32:15,CLOSED,25-CA-002561,04/30/2026 09:00 AM ET,"1766 CAPE CORAL PKWY E 103 CAPE CORAL, FL- 33904","$34,227.88","$106,025.00","$34,227.88",17-45-24-C1-00400.1030
2026-05-01T04:32:15,CLOSED,25-CA-002608,04/30/2026 09:00 AM ET,"3303 75TH ST W LEHIGH ACRES, FL- 33971","$300,003.52","$226,661.00",Hidden,02-44-26-L2-05049.0090
2026-05-01T04:32:15,CLOSED,25-CA-003339,04/30/2026 09:00 AM ET,"702 E 15TH ST LEHIGH ACRES, FL- 33972","$213,457.60","$12,113.00",Hidden,16-44-27-L2-08032.001B
2026-05-01T04:32:15,CLOSED,25-CA-003869,04/30/2026 09:00 AM ET,"26235 HICKORY BLVD 9A BONITA SPRINGS, FL- 34134","$773,685.55","$586,164.00","$786,208.66",25-47-24-B2-04202.09A0
2026-05-01T04:32:15,CLOSED,24-CC-009348,05/07/2026 09:00 AM ET,"1822 NE 1ST PL CAPE CORAL, FL- 33909","$22,099.73","$36,338.00","$22,099.73",36-43-23-C4-02506.0130
2026-05-01T04:32:15,CLOSED,25-CA-001353,05/07/2026 09:00 AM ET,"2228 NW 7TH TER CAPE CORAL, FL- 33993","$153,138.05","$242,594.00","$153,138.05",09-44-23-C1-03779.0150
2026-05-01T04:32:15,CLOSED,07-CA-012381,05/14/2026 09:00 AM ET,"3427 CEITUS PKWY CAPE CORAL, FL- 33991","$1,119,377.77","$560,819.00",Hidden,18-44-23-C3-05327.0190
2026-05-01T04:32:15,CLOSED,25-CA-003442,05/28/2026 09:00 AM ET,"10721 FIGTREE CT LEHIGH ACRES, FL- 33936","$267,221.85","$185,485.00","$267,221.85",05-45-27-L4-00002.0120
2026-05-05T04:32:14,NEW,25-CA-003829,05/07/2026 09:00 AM ET,"3020 36TH ST SW LEHIGH ACRES, FL- 33976","$148,121.06","$270,597.00",Hidden,12-45-26-L1-02012.0150
2026-05-05T04:32:14,CLOSED,24-CA-007001,05/07/2026 09:00 AM ET,"14579 CARVA LN FORT MYERS, FL- 33905","$638,767.35","$376,427.00","$638,767.35",34-43-26-L4-10000.8370
2026-05-06T04:32:14,NEW,25-CA-004011,05/07/2026 09:00 AM ET,"423 CAPE CORAL PKWY W 201 CAPE CORAL, FL- 33914","$15,628.84","$129,119.00","$15,628.84",14-45-23-C1-00600.B201
2026-05-06T04:32:14,NEW,25-CA-003623,05/14/2026 09:00 AM ET,"4106 SE 3RD AVE CAPE CORAL, FL- 33904","$248,640.90","$292,766.00","$248,640.90",12-45-23-C1-00248.0190
2026-05-06T04:32:14,CLOSED,25-CA-000068,05/07/2026 09:00 AM ET,"2797 FIRST ST FORT MYERS, FL- 33916","$69,792.96","$585,841.00","$69,792.96",13-44-24-P2-03000.2001
2026-05-06T04:32:14,CLOSED,25-CA-002564,05/14/2026 09:00 AM ET,"928 NE 3RD AVE CAPE CORAL, FL- 33909","$429,865.65","$375,968.00","$429,865.65",01-44-23-C4-02419.0670
2026-05-07T04:32:26,NEW,07-CA-012381,06/04/2026 09:00 AM ET,"3427 CEITUS PKWY CAPE CORAL, FL- 33991","$1,119,377.77","$560,819.00","$1,119,377.77",18-44-23-C3-05327.0190
2026-05-07T04:32:26,NEW,24-CA-005954,06/04/2026 09:00 AM ET,"11575 CANOPY LOOP FORT MYERS, FL- 33913","$163,900.94","$617,901.00","$86,849.65",Property
2026-05-08T04:32:19,CLOSED,23-CA-011030,05/07/2026 09:00 AM ET,"914 NE VAN LOON LN CAPE CORAL, FL- 33909","$947,082.61","$261,077.00",Hidden,Property
2026-05-08T04:32:19,CLOSED,24-CA-007603,05/07/2026 09:00 AM ET,"2123 SE 11TH AVE CAPE CORAL, FL- 33990","$234,666.73","$484,031.00",Hidden,30-44-24-C4-00443.0410
2026-05-08T04:32:19,CLOSED,25-CA-002037,05/07/2026 09:00 AM ET,"2411 MILLIE AVE S LEHIGH ACRES, FL- 33973","$7,944.88","$193,958.00",Hidden,Property
2026-05-08T04:32:19,CLOSED,25-CA-002776,05/07/2026 09:00 AM ET,"1447 SW 1ST ST CAPE CORAL, FL- 33991","$680,565.96","$383,091.00",Hidden,15-44-23-C1-03639.0510
2026-05-08T04:32:19,CLOSED,25-CA-002944,05/07/2026 09:00 AM ET,"2507 SE 25TH PL CAPE CORAL, FL- 33904","$286,685.72","$406,528.00",Hidden,33-44-24-C2-01229.0150
2026-05-08T04:32:19,CLOSED,25-CA-003519,05/07/2026 09:00 AM ET,"1006 PALMETTO AVE LEHIGH ACRES, FL- 33972","$354,994.67","$251,786.00","$354,994.67",20-44-27-L1-07027.0090
2026-05-08T04:32:19,CLOSED,25-CA-003829,05/07/2026 09:00 AM ET,"3020 36TH ST SW LEHIGH ACRES, FL- 33976","$148,121.06","$270,597.00",Hidden,12-45-26-L1-02012.0150
2026-05-08T04:32:19,CLOSED,25-CA-004011,05/07/2026 09:00 AM ET,"423 CAPE CORAL PKWY W 201 CAPE CORAL, FL- 33914","$15,628.84","$129,119.00","$15,628.84",14-45-23-C1-00600.B201
2026-05-11T04:32:19,NEW,24-CA-006440,06/04/2026 09:00 AM ET,"27041 EDGEWOOD ST BONITA SPRINGS, FL- 34135","$315,836.66","$303,297.00","$315,836.66",35-47-25-B1-02600.0350
2026-05-11T04:32:19,NEW,24-CC-004961,06/04/2026 09:00 AM ET,"3019 CEITUS PKWY CAPE CORAL, FL- 33991","$68,506.26","$52,488.00",Hidden,17-44-23-C4-03944.0320
2026-05-11T04:32:19,NEW,25-CA-000747,06/04/2026 09:00 AM ET,"11575 CANOPY LOOP FORT MYERS, FL- 33913",$0.00,"$617,901.00","$86,849.65",Property
2026-05-11T04:32:19,NEW,25-CA-002348,06/04/2026 09:00 AM ET,"235 EUPHRATES AVE S LEHIGH ACRES, FL- 33974","$11,327.99","$15,343.00","$11,327.99",02-45-27-L3-12079.0070
2026-05-11T04:32:19,NEW,25-CA-002432,06/04/2026 09:00 AM ET,"16440 ARBOR RIDGE DR FORT MYERS, FL- 33908","$273,244.70","$113,851.00","$273,244.70",02-46-23-02-0000D.0660
2026-05-11T04:32:19,NEW,25-CA-002564,06/04/2026 09:00 AM ET,"3529 SOUTH ST FORT MYERS, FL- 33916","$429,865.65","$164,164.00","$202,035.59",Property
2026-05-12T04:32:19,NEW,25-CA-001952,06/04/2026 09:00 AM ET,"11575 CANOPY LOOP FORT MYERS, FL- 33913","$86,849.65","$617,901.00","$86,849.65",08-45-26-L3-28010.0190
2026-05-13T04:32:28,NEW,25-CA-004377,05/14/2026 09:00 AM ET,"669 CHATTMAN ST E LEHIGH ACRES, FL- 33974","$477,451.11","$292,062.00","$226,200.00",09-45-27-L3-04019.0240
2026-05-13T04:32:28,NEW,25-CA-002593,06/04/2026 09:00 AM ET,"3529 SOUTH ST FORT MYERS, FL- 33916","$202,035.59","$164,164.00","$202,035.59",19-44-25-P3-00917.0190
2026-05-13T04:32:28,NEW,23-CA-012644,06/11/2026 09:00 AM ET,"2603 8TH ST SW LEHIGH ACRES, FL- 33976","$303,373.12","$21,803.00","$375,998.70",Property
2026-05-13T04:32:28,NEW,25-CA-002917,06/11/2026 09:00 AM ET,"1404 NE 19TH AVE CAPE CORAL, FL- 33909","$595,737.83","$474,172.00","$595,737.83",05-44-24-C1-03531.0580
2026-05-13T04:32:28,CLOSED,25-CA-003457,05/14/2026 09:00 AM ET,"8471 OLINDA WAY 3703 FORT MYERS, FL- 33912","$275,733.42","$314,977.00","$275,958.42",09-45-25-P4-00200.3703
2026-05-14T04:32:27,NEW,25-CA-004497,05/14/2026 09:00 AM ET,"3023 38TH ST SW LEHIGH ACRES, FL- 33976","$437,819.23","$325,581.00",Hidden,12-45-26-L1-02015.0050
2026-05-14T04:32:27,NEW,25-CA-004961,05/14/2026 09:00 AM ET,"1724 PINE VALLEY DR 106 FORT MYERS, FL- 33907","$116,032.36","$124,436.00",Hidden,23-45-24-23-00004.1060
2026-05-14T04:32:27,NEW,24-CA-000507,06/11/2026 09:00 AM ET,"2131 ALDRIDGE AVE FORT MYERS, FL- 33907","$183,032.09","$174,343.00","$183,032.09",13-45-24-01-00007.0150
2026-05-14T04:32:27,NEW,24-CA-005918,06/11/2026 09:00 AM ET,"2311 NW 21ST PL CAPE CORAL, FL- 33993","$387,336.85","$269,426.00","$387,336.85",33-43-23-C1-03890.0300
2026-05-14T04:32:27,NEW,24-CA-007723,06/11/2026 09:00 AM ET,"1622 NE 33RD TER CAPE CORAL, FL- 33909","$320,603.39","$219,306.00","$250,000.00",20-43-24-C4-05630.0010
2026-05-14T04:32:27,NEW,25-CA-001060,06/11/2026 09:00 AM ET,"2603 8TH ST SW LEHIGH ACRES, FL- 33976","$375,998.70","$21,803.00","$375,998.70",36-44-26-L3-12114.0050
2026-05-14T04:32:27,NEW,25-CA-002965,06/11/2026 09:00 AM ET,"2327 NW 37TH AVE CAPE CORAL, FL- 33993","$572,252.18","$454,073.00","$572,252.18",31-43-23-C1-04335.0220
2026-05-14T04:32:27,NEW,25-CA-003367,06/11/2026 09:00 AM ET,"5564 BIRDSONG LN BOKEELIA, FL- 33922","$1,885,557.95","$278,526.00","$371,578.50",MULTIPLE
2026-05-14T04:32:27,CLOSED,23-CA-006531,05/14/2026 09:00 AM ET,"1045 NE 2ND ST CAPE CORAL, FL- 33909","$263,637.71","$279,397.00",Hidden,07-44-24-C4-03586.0330
2026-05-14T04:32:27,CLOSED,23-CA-012707,05/14/2026 09:00 AM ET,"2445 WEST GULF DR 44A SANIBEL, FL- 33957","$803,646.27","$69,925.00",Hidden,35-46-22-T2-0130A.0440
2026-05-15T04:32:20,NEW,25-CA-005049,05/21/2026 09:00 AM ET,"9954 BARDMOOR CT NORTH FORT MYERS, FL- 33903","$239,070.39","$168,042.00","$239,070.39",09-43-24-08-00001.0020
2026-05-15T04:32:20,CLOSED,24-CA-004296,05/14/2026 09:00 AM ET,"1325 NE 35TH ST CAPE CORAL, FL- 33909","$499,295.77","$354,144.00","$261,000.00",19-43-24-C2-05593.0820
2026-05-15T04:32:20,CLOSED,25-CA-000922,05/14/2026 09:00 AM ET,"1521 SW 43RD LN CAPE CORAL, FL- 33914","$795,446.12","$519,938.00","$590,000.00",10-45-23-C1-03337.0710
2026-05-15T04:32:20,CLOSED,25-CA-001761,05/14/2026 09:00 AM ET,"5600 BONITA BEACH RD SW 605 BONITA SPRINGS, FL- 34134","$142,500.31","$275,358.00","$142,500.31",31-47-25-B3-01300.0605
2026-05-15T04:32:20,CLOSED,25-CA-002727,05/14/2026 09:00 AM ET,"216 REDLIN ST NORTH FORT MYERS, FL- 33903","$44,669.15","$89,389.00","$44,669.15",34-43-24-02-00039.0130
2026-05-15T04:32:20,CLOSED,25-CA-002817,05/14/2026 09:00 AM ET,"615 SW 53RD TER CAPE CORAL, FL- 33914","$1,004,009.48","$528,923.00","$1,004,009.48",14-45-23-C4-04534.0340
2026-05-15T04:32:20,CLOSED,25-CA-003387,05/14/2026 09:00 AM ET,"1608 SW 13TH TER CAPE CORAL, FL- 33991","$539,510.00","$381,539.00",Hidden,21-44-23-C3-04822.0130
2026-05-15T04:32:20,CLOSED,25-CA-003623,05/14/2026 09:00 AM ET,"4106 SE 3RD AVE CAPE CORAL, FL- 33904","$248,640.90","$292,766.00",Hidden,12-45-23-C1-00248.0190
2026-05-15T04:32:20,CLOSED,25-CA-004377,05/14/2026 09:00 AM ET,"669 CHATTMAN ST E LEHIGH ACRES, FL- 33974","$477,451.11","$292,062.00","$226,200.00",09-45-27-L3-04019.0240
2026-05-15T04:32:20,CLOSED,25-CA-004497,05/14/2026 09:00 AM ET,"3023 38TH ST SW LEHIGH ACRES, FL- 33976","$437,819.23","$325,581.00",Hidden,12-45-26-L1-02015.0050
2026-05-15T04:32:20,CLOSED,25-CA-004961,05/14/2026 09:00 AM ET,"1724 PINE VALLEY DR 106 FORT MYERS, FL- 33907","$116,032.36","$124,436.00",Hidden,23-45-24-23-00004.1060
2026-05-15T04:32:20,CLOSED,25-CA-003090,05/21/2026 09:00 AM ET,"1501 NE 11TH TER CAPE CORAL, FL- 33909","$8,075.75","$435,094.00","$8,075.75",06-44-24-C3-02061.0170
2026-05-19T04:32:26,NEW,25-CA-006046,06/18/2026 09:00 AM ET,"1248 NE 41ST ST CAPE CORAL, FL- 33909","$218,401.73","$227,317.00","$218,401.73",18-43-24-C3-05714.0150
2026-05-19T04:32:26,NEW,23-CA-007795,06/25/2026 09:00 AM ET,"4319 9TH ST W LEHIGH ACRES, FL- 33971","$296,025.91","$455,531.00","$121,553.12",Property
2026-05-21T04:32:27,CLOSED,25-CA-002593,06/04/2026 09:00 AM ET,"3529 SOUTH ST FORT MYERS, FL- 33916","$202,035.59","$164,164.00","$202,035.59",19-44-25-P3-00917.0190
2026-05-22T04:32:19,CLOSED,23-CC-003560,05/21/2026 09:00 AM ET,"8345 SUNCOAST DR NORTH FORT MYERS, FL- 33917","$25,156.91","$91,250.00","$25,667.98",24-43-24-03-00018.0440
2026-05-22T04:32:19,CLOSED,24-CA-007196,05/21/2026 09:00 AM ET,"3689 LIBERTY SQ FORT MYERS, FL- 33908","$666,289.29","$173,623.00",Hidden,34-45-24-02-00000.0040
2026-05-22T04:32:19,CLOSED,25-CA-002390,05/21/2026 09:00 AM ET,"1717 CHIQUITA BLVD N CAPE CORAL, FL- 33993","$463,576.66","$331,401.00","$331,000.00",34-43-23-C4-02939.0090
2026-05-22T04:32:19,CLOSED,25-CA-003281,05/21/2026 09:00 AM ET,"227 SE 45TH TER CAPE CORAL, FL- 33904","$7,762.70","$382,343.00",Hidden,Property
2026-05-22T04:32:19,CLOSED,25-CA-003434,05/21/2026 09:00 AM ET,"5913 UNTERMEYER CT NORTH FORT MYERS, FL- 33903","$383,145.22","$261,848.00",Hidden,16-44-24-17-00003.1410
2026-05-22T04:32:19,CLOSED,25-CA-003661,05/21/2026 09:00 AM ET,"954 MARILYN AVE S LEHIGH ACRES, FL- 33974","$208,251.21","$238,308.00",Hidden,25-45-27-L2-07042.0340
2026-05-22T04:32:19,CLOSED,25-CA-003746,05/21/2026 09:00 AM ET,"10309 SILVER POND LN LEHIGH ACRES, FL- 33936","$232,950.69","$271,552.00",Hidden,05-45-27-L3-01000.3540
2026-05-22T04:32:19,CLOSED,25-CA-004623,05/21/2026 09:00 AM ET,"203 CHIQUITA BLVD S CAPE CORAL, FL- 33991","$393,337.27","$273,016.00","$168,960.00",15-44-23-C1-03633.0150
2026-05-22T04:32:19,CLOSED,25-CA-005049,05/21/2026 09:00 AM ET,"9954 BARDMOOR CT NORTH FORT MYERS, FL- 33903","$239,070.39","$168,042.00","$174,000.00",09-43-24-08-00001.0020
2026-05-25T04:32:19,NEW,24-CA-005663,06/25/2026 09:00 AM ET,"204 NW 28TH TER CAPE CORAL, FL- 33993","$392,145.30","$278,422.00","$392,145.30",26-43-23-C2-02783.0170
2026-05-25T04:32:19,NEW,25-CA-000609,06/25/2026 09:00 AM ET,"4319 9TH ST W LEHIGH ACRES, FL- 33971","$121,553.12","$455,531.00","$121,553.12",28-44-26-L2-10095.0010
2026-05-25T04:32:19,NEW,25-CA-002453,06/25/2026 09:00 AM ET,"2219 NW 3 AVE CAPE CORAL , FL- 33993","$427,653.84","$230,698.00","$307,196.93",Property
2026-05-25T04:32:19,NEW,25-CA-002659,06/25/2026 09:00 AM ET,"6224 PRINCIPIA DR 1 FORT MYERS, FL- 33919","$90,560.91","$107,478.00","$43,058.95",Property
2026-05-26T04:32:19,NEW,25-CA-001761,06/25/2026 09:00 AM ET,"2219 NW 3 AVE CAPE CORAL , FL- 33993","$142,500.31","$230,698.00","$307,196.93",Property
2026-05-26T04:32:19,CLOSED,25-CA-002453,06/25/2026 09:00 AM ET,"2219 NW 3 AVE CAPE CORAL , FL- 33993","$427,653.84","$230,698.00","$307,196.93",Property
2026-05-27T04:32:19,NEW,25-CA-002755,06/25/2026 09:00 AM ET,"6224 PRINCIPIA DR 1 FORT MYERS, FL- 33919","$43,058.95","$107,478.00","$43,058.95",22-45-24-27-00244.0010
2026-05-27T04:32:19,NEW,25-CA-002914,06/25/2026 09:00 AM ET,"2821 20TH ST SW LEHIGH ACRES, FL- 33976","$384,250.66","$246,701.00","$384,250.66",01-45-26-L1-06059.0040
2026-05-29T04:30:10,CLOSED,25-CA-001244,05/28/2026 09:00 AM ET,"403 SW 28TH PL CAPE CORAL, FL- 33991","$278,824.04","$262,843.00",Hidden,17-44-23-C4-03930.0220
2026-05-29T04:30:10,CLOSED,25-CA-001366,05/28/2026 09:00 AM ET,"3350 NORTH KEY DR 603 NORTH FORT MYERS, FL- 33903","$116,126.02","$210,354.00",Hidden,11-44-24-17-0000A.6030
2026-05-29T04:30:10,CLOSED,25-CA-002710,05/28/2026 09:00 AM ET,"2153 NW 18TH AVE CAPE CORAL, FL- 33993","$452,901.26","$367,985.00","$385,000.00",33-43-23-C2-03879.0170
2026-05-29T04:30:10,CLOSED,25-CA-003295,05/28/2026 09:00 AM ET,"10721 FIGTREE CT LEHIGH ACRES, FL- 33936","$4,553.80","$185,485.00","$151,800.00",Property
2026-05-29T04:30:10,CLOSED,25-CA-003443,05/28/2026 09:00 AM ET,"318 SE 46TH LN CAPE CORAL, FL- 33904","$191,225.79","$354,890.00",Hidden,12-45-23-C4-00225.0290
2026-05-29T04:30:10,CLOSED,25-CA-003914,05/28/2026 09:00 AM ET,"428 SW 28TH AVE CAPE CORAL, FL- 33991","$127,385.44","$55,718.00","$60,000.00",17-44-23-C4-03930.0530
2026-05-29T04:30:10,CLOSED,25-CA-003949,05/28/2026 09:00 AM ET,"336 SW 31ST PL CAPE CORAL, FL- 33991","$340,676.65","$339,791.00","$263,198.19",17-44-23-C1-03941.0380
2026-05-29T04:30:10,CLOSED,25-CA-003996,05/28/2026 09:00 AM ET,"1444 SANDPIPER CIR SANIBEL, FL- 33957","$442,609.50","$407,804.00",Hidden,19-46-23-T1-00400.022B
2026-05-29T04:30:10,CLOSED,25-CA-004039,05/28/2026 09:00 AM ET,"3828 TILBOR CIR FORT MYERS, FL- 33916","$15,397.08","$271,750.00","$15,397.08",32-44-25-P1-01100.1170
2026-05-29T04:30:10,CLOSED,07-CA-012381,06/04/2026 09:00 AM ET,"3427 CEITUS PKWY CAPE CORAL, FL- 33991","$1,119,377.77","$560,819.00",Hidden,18-44-23-C3-05327.0190
2026-05-29T04:30:10,CLOSED,24-CA-005954,06/04/2026 09:00 AM ET,"1215 BISCAYNE DR CAPE CORAL, FL- 33909","$163,900.94","$159,216.00","$163,900.94",08-44-24-01-00002.0020
2026-05-29T04:30:10,CLOSED,24-CA-006440,06/04/2026 09:00 AM ET,"27041 EDGEWOOD ST BONITA SPRINGS, FL- 34135","$315,836.66","$303,297.00","$315,836.66",35-47-25-B1-02600.0350
2026-05-29T04:30:10,CLOSED,24-CC-004961,06/04/2026 09:00 AM ET,"3019 CEITUS PKWY CAPE CORAL, FL- 33991","$68,506.26","$52,488.00",Hidden,17-44-23-C4-03944.0320
2026-05-29T04:30:10,CLOSED,25-CA-000747,06/04/2026 09:00 AM ET,"508 HIGHLAND AVE LEHIGH ACRES, FL- 33972","$323,181.56","$154,146.00",Hidden,28-44-27-L3-06024.0190
2026-05-29T04:30:10,CLOSED,25-CA-001952,06/04/2026 09:00 AM ET,"11575 CANOPY LOOP FORT MYERS, FL- 33913","$86,849.65","$617,901.00","$86,849.65",08-45-26-L3-28010.0190
2026-05-29T04:30:10,CLOSED,25-CA-002348,06/04/2026 09:00 AM ET,"235 EUPHRATES AVE S LEHIGH ACRES, FL- 33974","$11,327.99","$15,343.00","$11,327.99",02-45-27-L3-12079.0070
2026-05-29T04:30:10,CLOSED,25-CA-002432,06/04/2026 09:00 AM ET,"16440 ARBOR RIDGE DR FORT MYERS, FL- 33908","$273,244.70","$113,851.00","$273,244.70",02-46-23-02-0000D.0660
2026-05-29T04:30:10,CLOSED,25-CA-002564,06/04/2026 09:00 AM ET,"928 NE 3RD AVE CAPE CORAL, FL- 33909","$429,865.65","$375,968.00","$385,000.00",01-44-23-C4-02419.0670
2026-05-29T04:30:10,CLOSED,23-CA-012644,06/11/2026 09:00 AM ET,"2797 FIRST ST 402 FORT MYERS, FL- 33916","$303,373.12","$305,962.00","$303,373.12",13-44-24-P2-03000.0402
2026-05-29T04:30:10,CLOSED,24-CA-000507,06/11/2026 09:00 AM ET,"2131 ALDRIDGE AVE FORT MYERS, FL- 33907","$183,032.09","$174,343.00","$183,032.09",13-45-24-01-00007.0150
2026-05-29T04:30:10,CLOSED,24-CA-005918,06/11/2026 09:00 AM ET,"2311 NW 21ST PL CAPE CORAL, FL- 33993","$387,336.85","$269,426.00","$387,336.85",33-43-23-C1-03890.0300
2026-05-29T04:30:10,CLOSED,24-CA-007723,06/11/2026 09:00 AM ET,"1622 NE 33RD TER CAPE CORAL, FL- 33909","$320,603.39","$219,306.00","$250,000.00",20-43-24-C4-05630.0010
2026-05-29T04:30:10,CLOSED,25-CA-001060,06/11/2026 09:00 AM ET,"2603 8TH ST SW LEHIGH ACRES, FL- 33976","$375,998.70","$21,803.00","$375,998.70",36-44-26-L3-12114.0050
2026-05-29T04:30:10,CLOSED,25-CA-002917,06/11/2026 09:00 AM ET,"1404 NE 19TH AVE CAPE CORAL, FL- 33909","$595,737.83","$474,172.00","$595,737.83",05-44-24-C1-03531.0580
2026-05-29T04:30:10,CLOSED,25-CA-002965,06/11/2026 09:00 AM ET,"2327 NW 37TH AVE CAPE CORAL, FL- 33993","$572,252.18","$454,073.00","$572,252.18",31-43-23-C1-04335.0220
2026-05-29T04:30:10,CLOSED,25-CA-003367,06/11/2026 09:00 AM ET,"3312 OLD BURNT STORE RD N CAPE CORAL, FL- 33993","$1,885,557.95","$278,526.00","$371,578.50",MULTIPLE
2026-05-29T04:30:10,CLOSED,25-CA-006046,06/18/2026 09:00 AM ET,"1248 NE 41ST ST CAPE CORAL, FL- 33909","$218,401.73","$227,317.00","$218,401.73",18-43-24-C3-05714.0150
2026-05-29T04:30:10,CLOSED,23-CA-007795,06/25/2026 09:00 AM ET,"1417 NE 11TH ST CAPE CORAL, FL- 33909","$296,025.91","$184,348.00","$296,025.91",06-44-24-C3-02031.0410
2026-05-29T04:30:10,CLOSED,24-CA-005663,06/25/2026 09:00 AM ET,"204 NW 28TH TER CAPE CORAL, FL- 33993","$392,145.30","$278,422.00","$392,145.30",26-43-23-C2-02783.0170
2026-05-29T04:30:10,CLOSED,25-CA-000609,06/25/2026 09:00 AM ET,"4319 9TH ST W LEHIGH ACRES, FL- 33971","$121,553.12","$455,531.00","$121,553.12",28-44-26-L2-10095.0010
2026-05-29T04:30:10,CLOSED,25-CA-001761,06/25/2026 09:00 AM ET,"2219 NW 3 AVE CAPE CORAL , FL- 33993","$142,500.31","$230,698.00","$307,196.93",Property
2026-05-29T04:30:10,CLOSED,25-CA-002659,06/25/2026 09:00 AM ET,"4953 HOWARD ST FORT MYERS, FL- 33905","$90,560.91","$175,918.00","$90,560.91",09-44-25-15-0000B.0080
2026-05-29T04:30:10,CLOSED,25-CA-002755,06/25/2026 09:00 AM ET,"6224 PRINCIPIA DR 1 FORT MYERS, FL- 33919","$43,058.95","$107,478.00","$43,058.95",22-45-24-27-00244.0010
2026-05-29T04:30:10,CLOSED,25-CA-002914,06/25/2026 09:00 AM ET,"2821 20TH ST SW LEHIGH ACRES, FL- 33976","$384,250.66","$246,701.00","$384,250.66",01-45-26-L1-06059.0040
2026-06-01T04:32:08,NEW,07-CA-012381,06/04/2026 09:00 AM ET,"3427 CEITUS PKWY CAPE CORAL, FL- 33991","$1,119,377.77","$560,819.00",Hidden,18-44-23-C3-05327.0190
2026-06-01T04:32:08,NEW,24-CA-005954,06/04/2026 09:00 AM ET,"1215 BISCAYNE DR CAPE CORAL, FL- 33909","$163,900.94","$159,216.00","$172,176.65",08-44-24-01-00002.0020
2026-06-01T04:32:08,NEW,24-CA-006440,06/04/2026 09:00 AM ET,"27041 EDGEWOOD ST BONITA SPRINGS, FL- 34135","$315,836.66","$303,297.00","$315,836.66",35-47-25-B1-02600.0350
2026-06-01T04:32:08,NEW,24-CC-004961,06/04/2026 09:00 AM ET,"3019 CEITUS PKWY CAPE CORAL, FL- 33991","$68,506.26","$52,488.00",Hidden,17-44-23-C4-03944.0320
2026-06-01T04:32:08,NEW,25-CA-000747,06/04/2026 09:00 AM ET,"508 HIGHLAND AVE LEHIGH ACRES, FL- 33972","$323,181.56","$154,146.00",Hidden,28-44-27-L3-06024.0190
2026-06-01T04:32:08,NEW,25-CA-001952,06/04/2026 09:00 AM ET,"11575 CANOPY LOOP FORT MYERS, FL- 33913","$86,849.65","$617,901.00","$86,849.65",08-45-26-L3-28010.0190
2026-06-01T04:32:08,NEW,25-CA-002348,06/04/2026 09:00 AM ET,"235 EUPHRATES AVE S LEHIGH ACRES, FL- 33974","$11,327.99","$15,343.00","$11,327.99",02-45-27-L3-12079.0070
2026-06-01T04:32:08,NEW,25-CA-002432,06/04/2026 09:00 AM ET,"16440 ARBOR RIDGE DR FORT MYERS, FL- 33908","$273,244.70","$113,851.00","$273,244.70",02-46-23-02-0000D.0660
2026-06-01T04:32:08,NEW,25-CA-002564,06/04/2026 09:00 AM ET,"928 NE 3RD AVE CAPE CORAL, FL- 33909","$429,865.65","$375,968.00","$385,000.00",01-44-23-C4-02419.0670
2026-06-01T04:32:08,NEW,23-CA-012644,06/11/2026 09:00 AM ET,"2797 FIRST ST 402 FORT MYERS, FL- 33916","$303,373.12","$305,962.00","$303,373.12",13-44-24-P2-03000.0402
2026-06-01T04:32:08,NEW,24-CA-000507,06/11/2026 09:00 AM ET,"2131 ALDRIDGE AVE FORT MYERS, FL- 33907","$183,032.09","$174,343.00","$183,032.09",13-45-24-01-00007.0150
2026-06-01T04:32:08,NEW,24-CA-005918,06/11/2026 09:00 AM ET,"2311 NW 21ST PL CAPE CORAL, FL- 33993","$387,336.85","$269,426.00","$387,336.85",33-43-23-C1-03890.0300
2026-06-01T04:32:08,NEW,24-CA-007723,06/11/2026 09:00 AM ET,"1622 NE 33RD TER CAPE CORAL, FL- 33909","$320,603.39","$219,306.00","$250,000.00",20-43-24-C4-05630.0010
2026-06-01T04:32:08,NEW,25-CA-001060,06/11/2026 09:00 AM ET,"2603 8TH ST SW LEHIGH ACRES, FL- 33976","$375,998.70","$21,803.00","$375,998.70",36-44-26-L3-12114.0050
2026-06-01T04:32:08,NEW,25-CA-002917,06/11/2026 09:00 AM ET,"1404 NE 19TH AVE CAPE CORAL, FL- 33909","$595,737.83","$474,172.00","$595,737.83",05-44-24-C1-03531.0580
2026-06-01T04:32:08,NEW,25-CA-002965,06/11/2026 09:00 AM ET,"2327 NW 37TH AVE CAPE CORAL, FL- 33993","$572,252.18","$454,073.00","$572,252.18",31-43-23-C1-04335.0220
2026-06-01T04:32:08,NEW,25-CA-003367,06/11/2026 09:00 AM ET,"3312 OLD BURNT STORE RD N CAPE CORAL, FL- 33993","$1,885,557.95","$278,526.00","$371,578.50",MULTIPLE
2026-06-01T04:32:08,NEW,23-CA-007795,06/25/2026 09:00 AM ET,"1417 NE 11TH ST CAPE CORAL, FL- 33909","$296,025.91","$184,348.00","$296,025.91",06-44-24-C3-02031.0410
2026-06-01T04:32:08,NEW,24-CA-005663,06/25/2026 09:00 AM ET,"204 NW 28TH TER CAPE CORAL, FL- 33993","$392,145.30","$278,422.00","$392,145.30",26-43-23-C2-02783.0170
2026-06-01T04:32:08,NEW,24-CA-006651,06/25/2026 09:00 AM ET,"5208/5210 25TH ST SW LEHIGH ACRES, FL- 33973","$256,481.42","$323,010.00","$256,481.42",31-44-26-L2-02005.0200
2026-06-01T04:32:08,NEW,25-CA-000609,06/25/2026 09:00 AM ET,"4319 9TH ST W LEHIGH ACRES, FL- 33971","$121,553.12","$455,531.00","$121,553.12",28-44-26-L2-10095.0010
2026-06-01T04:32:08,NEW,25-CA-001761,06/25/2026 09:00 AM ET,"5600 BONITA BEACH RD SW 605 BONITA SPRINGS, FL- 34134","$142,500.31","$275,358.00","$142,500.31",31-47-25-B3-01300.0605
2026-06-01T04:32:08,NEW,25-CA-002317,06/25/2026 09:00 AM ET,"3213 VERA CT LEHIGH ACRES, FL- 33976","$232,798.37","$21,803.00","$232,798.37",11-45-26-L1-01005.0020
2026-06-01T04:32:08,NEW,25-CA-002453,06/25/2026 09:00 AM ET,"2219 NW 3 AVE CAPE CORAL , FL- 33993","$427,653.84","$230,698.00","$307,196.93",Property
2026-06-01T04:32:08,NEW,25-CA-002659,06/25/2026 09:00 AM ET,"4953 HOWARD ST FORT MYERS, FL- 33905","$90,560.91","$175,918.00","$90,560.91",09-44-25-15-0000B.0080
2026-06-01T04:32:08,NEW,25-CA-002755,06/25/2026 09:00 AM ET,"6224 PRINCIPIA DR 1 FORT MYERS, FL- 33919","$43,058.95","$107,478.00","$43,058.95",22-45-24-27-00244.0010
2026-06-02T04:32:09,NEW,25-CA-003229,06/04/2026 09:00 AM ET,"5837 WHITING CT FORT MYERS , FL- 33919","$46,911.46","$37,145.00","$122,888.00",Property
2026-06-02T04:32:09,CLOSED,07-CA-012381,06/04/2026 09:00 AM ET,"3427 CEITUS PKWY CAPE CORAL, FL- 33991","$1,119,377.77","$560,819.00",Hidden,18-44-23-C3-05327.0190
2026-06-03T04:32:07,NEW,25-CA-003344,06/04/2026 09:00 AM ET,"1112 NE 12TH TER CAPE CORAL, FL- 33909","$447,674.47","$295,224.00",Hidden,06-44-24-C1-02075.0090
2026-06-03T04:32:07,CLOSED,24-CA-005954,06/04/2026 09:00 AM ET,"1215 BISCAYNE DR CAPE CORAL, FL- 33909","$163,900.94","$159,216.00","$124,700.00",08-44-24-01-00002.0020
2026-06-04T04:32:07,NEW,25-CA-002914,06/25/2026 09:00 AM ET,"2821 20TH ST SW LEHIGH ACRES, FL- 33976","$384,250.66","$246,701.00","$384,250.66",01-45-26-L1-06059.0040
2026-06-04T04:32:07,NEW,21-CA-003005,07/09/2026 09:00 AM ET,"3807 9TH ST SW LEHIGH ACRES, FL- 33976","$483,124.34","$21,803.00","$315,443.06",Property
2026-06-04T04:32:07,NEW,25-CA-001353,07/09/2026 09:00 AM ET,"17025 GOLFSIDE CIR 303 FORT MYERS, FL- 33908","$153,138.05","$110,138.00","$87,279.08",Property
2026-06-04T04:32:07,CLOSED,24-CC-004961,06/04/2026 09:00 AM ET,"3019 CEITUS PKWY CAPE CORAL, FL- 33991","$68,506.26","$52,488.00",Hidden,17-44-23-C4-03944.0320
2026-06-04T04:32:07,CLOSED,25-CA-001761,06/25/2026 09:00 AM ET,"5600 BONITA BEACH RD SW 605 BONITA SPRINGS, FL- 34134","$142,500.31","$275,358.00","$142,500.31",31-47-25-B3-01300.0605
2026-06-05T04:31:58,CLOSED,24-CA-006440,06/04/2026 09:00 AM ET,"27041 EDGEWOOD ST BONITA SPRINGS, FL- 34135","$315,836.66","$303,297.00","$225,040.00",35-47-25-B1-02600.0350
2026-06-05T04:31:58,CLOSED,25-CA-000747,06/04/2026 09:00 AM ET,"508 HIGHLAND AVE LEHIGH ACRES, FL- 33972","$323,181.56","$154,146.00",Hidden,28-44-27-L3-06024.0190
2026-06-05T04:31:58,CLOSED,25-CA-001952,06/04/2026 09:00 AM ET,"11575 CANOPY LOOP FORT MYERS, FL- 33913","$86,849.65","$617,901.00","$86,849.65",08-45-26-L3-28010.0190
2026-06-05T04:31:58,CLOSED,25-CA-002348,06/04/2026 09:00 AM ET,"235 EUPHRATES AVE S LEHIGH ACRES, FL- 33974","$11,327.99","$15,343.00","$11,327.99",02-45-27-L3-12079.0070
2026-06-05T04:31:58,CLOSED,25-CA-002432,06/04/2026 09:00 AM ET,"16440 ARBOR RIDGE DR FORT MYERS, FL- 33908","$273,244.70","$113,851.00","$273,244.70",02-46-23-02-0000D.0660
2026-06-05T04:31:58,CLOSED,25-CA-002564,06/04/2026 09:00 AM ET,"928 NE 3RD AVE CAPE CORAL, FL- 33909","$429,865.65","$375,968.00","$385,000.00",01-44-23-C4-02419.0670
2026-06-05T04:31:58,CLOSED,25-CA-003229,06/04/2026 09:00 AM ET,"5837 WHITING CT FORT MYERS , FL- 33919","$46,911.46","$37,145.00","$122,888.00",Property
2026-06-05T04:31:58,CLOSED,25-CA-003344,06/04/2026 09:00 AM ET,"1112 NE 12TH TER CAPE CORAL, FL- 33909","$447,674.47","$295,224.00",Hidden,06-44-24-C1-02075.0090
2026-06-05T04:31:58,CLOSED,25-CA-001353,07/09/2026 09:00 AM ET,"17025 GOLFSIDE CIR 303 FORT MYERS, FL- 33908","$153,138.05","$110,138.00","$87,279.08",Property
2026-06-08T04:31:58,NEW,25-CA-001353,07/09/2026 09:00 AM ET,"2228 NW 7TH TER CAPE CORAL, FL- 33993","$153,138.05","$242,594.00","$153,138.05",09-44-23-C1-03779.0150
2026-06-09T04:32:11,NEW,25-CA-001497,07/09/2026 09:00 AM ET,"11150 ORANGEWOOD DR BONITA SPRINGS, FL- 34135","$87,189.39","$269,319.00","$87,189.39",36-47-25-B4-0040B.0110
2026-06-12T04:32:10,NEW,24-CA-003913,07/09/2026 09:00 AM ET,"3807 9TH ST SW LEHIGH ACRES, FL- 33976","$871,674.51","$21,803.00","$315,443.06",Property
2026-06-12T04:32:10,CLOSED,23-CA-012644,06/11/2026 09:00 AM ET,"2797 FIRST ST 402 FORT MYERS, FL- 33916","$303,373.12","$305,962.00",Hidden,13-44-24-P2-03000.0402
2026-06-12T04:32:10,CLOSED,24-CA-000507,06/11/2026 09:00 AM ET,"2131 ALDRIDGE AVE FORT MYERS, FL- 33907","$183,032.09","$174,343.00",Hidden,13-45-24-01-00007.0150
2026-06-12T04:32:10,CLOSED,24-CA-005918,06/11/2026 09:00 AM ET,"2311 NW 21ST PL CAPE CORAL, FL- 33993","$387,336.85","$269,426.00",Hidden,33-43-23-C1-03890.0300
2026-06-12T04:32:10,CLOSED,24-CA-007723,06/11/2026 09:00 AM ET,"1622 NE 33RD TER CAPE CORAL, FL- 33909","$320,603.39","$219,306.00","$250,000.00",20-43-24-C4-05630.0010
2026-06-12T04:32:10,CLOSED,25-CA-001060,06/11/2026 09:00 AM ET,"2603 8TH ST SW LEHIGH ACRES, FL- 33976","$375,998.70","$21,803.00","$375,998.70",36-44-26-L3-12114.0050
2026-06-12T04:32:10,CLOSED,25-CA-002917,06/11/2026 09:00 AM ET,"1404 NE 19TH AVE CAPE CORAL, FL- 33909","$595,737.83","$474,172.00",Hidden,05-44-24-C1-03531.0580
2026-06-12T04:32:10,CLOSED,25-CA-002965,06/11/2026 09:00 AM ET,"2327 NW 37TH AVE CAPE CORAL, FL- 33993","$572,252.18","$454,073.00","$455,000.00",31-43-23-C1-04335.0220
2026-06-12T04:32:10,CLOSED,25-CA-003367,06/11/2026 09:00 AM ET,"3312 OLD BURNT STORE RD N CAPE CORAL, FL- 33993","$1,885,557.95","$384,039.00","$356,832.38",MULTIPLE
2026-06-15T04:32:11,NEW,24-CA-007452,07/09/2026 09:00 AM ET,"3807 9TH ST SW LEHIGH ACRES, FL- 33976",$0.00,"$21,803.00","$315,443.06",Property
2026-06-17T04:32:11,NEW,25-CA-000531,07/09/2026 09:00 AM ET,"1303 SW 34TH ST CAPE CORAL, FL- 33914","$224,129.66","$300,715.00","$224,129.66",03-45-23-C1-03254.0390
2026-06-17T04:32:11,NEW,25-CA-000751,07/09/2026 09:00 AM ET,"3807 9TH ST SW LEHIGH ACRES, FL- 33976","$365,928.70","$21,803.00","$315,443.06",Property
2026-06-18T04:32:18,NEW,23-CA-006531,07/09/2026 09:00 AM ET,"1045 NE 2ND ST CAPE CORAL, FL- 33909","$263,637.71","$279,397.00","$263,637.71",07-44-24-C4-03586.0330
2026-06-18T04:32:18,NEW,25-CA-001174,07/09/2026 09:00 AM ET,"3807 9TH ST SW LEHIGH ACRES, FL- 33976","$315,443.06","$21,803.00","$315,443.06",34-44-26-L2-11103.0070
2026-06-18T04:32:18,NEW,22-CA-003861,07/16/2026 09:00 AM ET,"2445 WEST GULF DR 44A SANIBEL, FL- 33957","$59,455.13","$69,925.00","$803,646.27",Property
2026-06-18T04:32:18,NEW,24-CA-000231,07/16/2026 09:00 AM ET,"2797 FIRST ST 2001 FORT MYERS, FL- 33916","$62,379.78","$585,841.00","$69,792.96",Property
2026-06-18T04:32:18,NEW,25-CA-000630,07/16/2026 09:00 AM ET,"5701 RIVERSIDE DR CAPE CORAL, FL- 33904",$0.00,"$1,032,137.00","$1,538,657.51",Property
2026-06-18T04:32:18,NEW,25-CA-004092,07/16/2026 09:00 AM ET,"720 LAMAR ST E LEHIGH ACRES, FL- 33974","$166,254.26","$264,213.00","$166,254.26",22-45-27-L4-12066.0080
2026-06-19T04:32:21,NEW,24-CA-000139,07/16/2026 09:00 AM ET,"2797 FIRST ST 2001 FORT MYERS, FL- 33916","$1,000,933.58","$585,841.00","$69,792.96",Property
2026-06-19T04:32:21,CLOSED,24-CA-000231,07/16/2026 09:00 AM ET,"2797 FIRST ST 2001 FORT MYERS, FL- 33916","$62,379.78","$585,841.00","$69,792.96",Property
2026-06-19T04:32:21,CLOSED,25-CA-004092,07/16/2026 09:00 AM ET,"720 LAMAR ST E LEHIGH ACRES, FL- 33974","$166,254.26","$264,213.00","$166,254.26",22-45-27-L4-12066.0080
2026-06-23T04:32:22,NEW,25-CA-003172,06/25/2026 09:00 AM ET,"11536 MCKENNA AVE BONITA SPRINGS, FL- 34135","$393,394.01","$342,133.00","$393,394.01",36-47-25-B3-01200.1830
2026-06-23T04:32:22,NEW,18-CC-004510,07/16/2026 09:00 AM ET,"2808 34TH ST SW LEHIGH ACRES, FL- 33976","$49,840.15","$234,893.00","$59,455.13",Property
2026-06-23T04:32:22,NEW,23-CA-012707,07/16/2026 09:00 AM ET,"2445 WEST GULF DR 44A SANIBEL, FL- 33957","$803,646.27","$69,925.00","$803,646.27",35-46-22-T2-0130A.0440
2026-06-23T04:32:22,CLOSED,25-CA-000609,06/25/2026 09:00 AM ET,"4319 9TH ST W LEHIGH ACRES, FL- 33971","$121,553.12","$455,531.00","$121,553.12",28-44-26-L2-10095.0010
2026-06-23T04:32:22,CLOSED,22-CA-003861,07/16/2026 09:00 AM ET,"2445 WEST GULF DR 44A SANIBEL, FL- 33957","$59,455.13","$69,925.00","$803,646.27",Property
2026-06-23T04:32:22,CLOSED,25-CA-000630,07/16/2026 09:00 AM ET,"5701 RIVERSIDE DR CAPE CORAL, FL- 33904",$0.00,"$1,032,137.00","$1,538,657.51",Property
2026-06-24T04:32:28,NEW,24-CA-003399,07/16/2026 09:00 AM ET,"907 ALVIN AVE LEHIGH ACRES, FL- 33971","$267,774.45","$244,190.00","$267,774.45",30-44-26-L2-04027.0110
2026-06-24T04:32:28,NEW,24-CA-005519,07/16/2026 09:00 AM ET,"2797 FIRST ST 2001 FORT MYERS, FL- 33916","$174,405.05","$585,841.00","$69,792.96",Property
2026-06-25T04:32:27,NEW,24-CA-000231,07/16/2026 09:00 AM ET,"3031 GUAVA ST FORT MYERS, FL- 33916","$62,379.78","$130,631.00","$62,379.78",18-44-25-P4-0010F.0130
2026-06-25T04:32:27,NEW,25-CA-000068,07/16/2026 09:00 AM ET,"2797 FIRST ST 2001 FORT MYERS, FL- 33916","$69,792.96","$585,841.00","$69,792.96",13-44-24-P2-03000.2001
2026-06-25T04:32:27,NEW,25-CA-000630,07/16/2026 09:00 AM ET,"233 CAPE CORAL PKWY E CAPE CORAL, FL- 33904","$1,101,226.07","$346,904.00","$629,157.95",Property
2026-06-25T04:32:27,NEW,17-CA-003958,07/23/2026 09:00 AM ET,"1022 SE 20TH ST CAPE CORAL, FL- 33990","$52,811.81","$346,892.00","$246,636.96",Property
2026-06-25T04:32:27,NEW,25-CA-002365,07/23/2026 09:00 AM ET,"11436 CANOPY LOOP FORT MYERS, FL- 33913","$579,462.65","$430,220.00","$579,462.65",08-45-26-L3-29013.0260
2026-06-25T04:32:27,NEW,25-CA-004460,07/23/2026 09:00 AM ET,"112 NW 35TH PL CAPE CORAL, FL- 33993","$450,700.48","$332,618.00","$450,700.48",07-44-23-C3-04171.0310
2026-06-25T04:32:27,NEW,25-CA-004484,07/23/2026 09:00 AM ET,"703 WILDWOOD PKWY CAPE CORAL, FL- 33904","$139,069.11","$310,249.00","$139,069.11",01-45-23-C3-00463.0210
2026-06-25T04:32:27,NEW,25-CA-005377,07/23/2026 09:00 AM ET,"3426 MENORES WAY FORT MYERS, FL- 33905","$341,308.15","$323,890.00","$341,308.15",34-43-26-L3-10000.7930
2026-06-25T04:32:27,NEW,25-CA-006479,07/23/2026 09:00 AM ET,"126 PARISH DR LEHIGH ACRES, FL- 33974","$262,666.56","$305,569.00","$262,666.56",18-45-27-L4-18061.0060
2026-06-25T04:32:27,NEW,25-CA-006555,07/23/2026 09:00 AM ET,"2935 WINONA DR NORTH FORT MYERS, FL- 33917","$281,890.81","$127,501.00","$281,890.81",26-43-24-02-00026.0000
2026-06-25T04:32:27,NEW,25-CA-007067,07/23/2026 09:00 AM ET,"1807 SW 21ST LN CAPE CORAL, FL- 33991","$267,772.03","$268,741.00","$267,772.03",28-44-23-C3-04843.0300
2026-06-25T04:32:27,NEW,25-CA-001914,07/30/2026 09:00 AM ET,"8075 PENNY DR NORTH FORT MYERS, FL- 33917",$0.00,"$132,754.00","$205,104.39",Property
2026-06-25T04:32:27,NEW,25-CA-004816,07/30/2026 09:00 AM ET,"1930 NE 28TH ST CAPE CORAL, FL- 33909","$386,520.02","$274,726.00","$386,520.02",29-43-24-C4-02264.0150
2026-06-25T04:32:27,NEW,25-CA-004844,07/30/2026 09:00 AM ET,"2113 LOCHMOOR CIR NORTH FORT MYERS, FL- 33903","$261,884.89","$326,621.00","$261,884.89",16-44-24-29-00000.1100
2026-06-25T04:32:27,NEW,25-CA-004920,07/30/2026 09:00 AM ET,"1125 NE 36TH ST CAPE CORAL, FL- 33909",$0.00,"$232,160.00","$370,744.13",Property
2026-06-26T04:30:12,CLOSED,23-CA-007795,06/25/2026 09:00 AM ET,"1417 NE 11TH ST CAPE CORAL, FL- 33909","$296,025.91","$184,348.00",Hidden,06-44-24-C3-02031.0410
2026-06-26T04:30:12,CLOSED,24-CA-005663,06/25/2026 09:00 AM ET,"204 NW 28TH TER CAPE CORAL, FL- 33993","$392,145.30","$278,422.00","$181,500.00",26-43-23-C2-02783.0170
2026-06-26T04:30:12,CLOSED,24-CA-006651,06/25/2026 09:00 AM ET,"5208/5210 25TH ST SW LEHIGH ACRES, FL- 33973","$256,481.42","$323,010.00","$258,515.57",31-44-26-L2-02005.0200
2026-06-26T04:30:12,CLOSED,25-CA-002317,06/25/2026 09:00 AM ET,"3213 VERA CT LEHIGH ACRES, FL- 33976","$232,798.37","$21,803.00","$232,798.37",11-45-26-L1-01005.0020
2026-06-26T04:30:12,CLOSED,25-CA-002453,06/25/2026 09:00 AM ET,"2219 NW 3 AVE CAPE CORAL , FL- 33993","$427,653.84","$230,698.00",Hidden,Property
2026-06-26T04:30:12,CLOSED,25-CA-002659,06/25/2026 09:00 AM ET,"4953 HOWARD ST FORT MYERS, FL- 33905","$90,560.91","$175,918.00","$91,984.11",09-44-25-15-0000B.0080
2026-06-26T04:30:12,CLOSED,25-CA-002755,06/25/2026 09:00 AM ET,"6224 PRINCIPIA DR 1 FORT MYERS, FL- 33919","$43,058.95","$107,478.00","$43,058.95",22-45-24-27-00244.0010
2026-06-26T04:30:12,CLOSED,25-CA-002914,06/25/2026 09:00 AM ET,"2821 20TH ST SW LEHIGH ACRES, FL- 33976","$384,250.66","$246,701.00",Hidden,01-45-26-L1-06059.0040
2026-06-26T04:30:12,CLOSED,25-CA-003172,06/25/2026 09:00 AM ET,"11536 MCKENNA AVE BONITA SPRINGS, FL- 34135","$393,394.01","$342,133.00","$395,911.96",36-47-25-B3-01200.1830
2026-06-26T04:30:12,CLOSED,21-CA-003005,07/09/2026 09:00 AM ET,"2835 SE 17TH PL CAPE CORAL, FL- 33904","$483,124.34","$479,315.00","$483,124.34",32-44-24-C4-01182.0070
2026-06-26T04:30:12,CLOSED,23-CA-006531,07/09/2026 09:00 AM ET,"1045 NE 2ND ST CAPE CORAL, FL- 33909","$263,637.71","$279,397.00","$263,637.71",07-44-24-C4-03586.0330
2026-06-26T04:30:12,CLOSED,24-CA-003913,07/09/2026 09:00 AM ET,"2521 SE 19TH PL CAPE CORAL, FL- 33904","$871,674.51","$697,367.00","$129,267.30",Property
2026-06-26T04:30:12,CLOSED,24-CA-007452,07/09/2026 09:00 AM ET,"2436 CHANDLER AVE FORT MYERS, FL- 33907","$286,329.25","$408,766.00","$286,329.25",13-45-24-05-00029.0050
2026-06-26T04:30:12,CLOSED,25-CA-000531,07/09/2026 09:00 AM ET,"1303 SW 34TH ST CAPE CORAL, FL- 33914","$224,129.66","$300,715.00","$224,129.66",03-45-23-C1-03254.0390
2026-06-26T04:30:12,CLOSED,25-CA-000751,07/09/2026 09:00 AM ET,"4328 NW 35TH AVE CAPE CORAL, FL- 33993","$365,928.70","$312,099.00","$365,928.70",07-43-23-C3-06111.0260
2026-06-26T04:30:12,CLOSED,25-CA-001174,07/09/2026 09:00 AM ET,"3807 9TH ST SW LEHIGH ACRES, FL- 33976","$315,443.06","$21,803.00","$315,443.06",34-44-26-L2-11103.0070
2026-06-26T04:30:12,CLOSED,25-CA-001353,07/09/2026 09:00 AM ET,"2228 NW 7TH TER CAPE CORAL, FL- 33993","$153,138.05","$242,594.00","$153,138.05",09-44-23-C1-03779.0150
2026-06-26T04:30:12,CLOSED,25-CA-001497,07/09/2026 09:00 AM ET,"11150 ORANGEWOOD DR BONITA SPRINGS, FL- 34135","$87,189.39","$269,319.00","$87,189.39",36-47-25-B4-0040B.0110
2026-06-26T04:30:12,CLOSED,18-CC-004510,07/16/2026 09:00 AM ET,"98 SABLE DR LOT 98 NORTH FORT MYERS , FL- 33917","$49,840.15","$234,893.00","$59,455.13",Property
2026-06-26T04:30:12,CLOSED,23-CA-012707,07/16/2026 09:00 AM ET,"2445 WEST GULF DR 44A SANIBEL, FL- 33957","$803,646.27","$69,925.00","$803,646.27",35-46-22-T2-0130A.0440
2026-06-26T04:30:12,CLOSED,24-CA-000139,07/16/2026 09:00 AM ET,"2803 SW 37TH TER CAPE CORAL, FL- 33914","$1,000,933.58","$1,465,977.00","$1,000,933.58",05-45-23-C4-04906.0200
2026-06-26T04:30:12,CLOSED,24-CA-000231,07/16/2026 09:00 AM ET,"3031 GUAVA ST FORT MYERS, FL- 33916","$62,379.78","$130,631.00","$62,379.78",18-44-25-P4-0010F.0130
2026-06-26T04:30:12,CLOSED,24-CA-003399,07/16/2026 09:00 AM ET,"907 ALVIN AVE LEHIGH ACRES, FL- 33971","$267,774.45","$244,190.00","$267,774.45",30-44-26-L2-04027.0110
2026-06-26T04:30:12,CLOSED,24-CA-005519,07/16/2026 09:00 AM ET,"1808 S PALMDALE CT FORT MYERS, FL- 33916","$174,405.05","$148,656.00","$174,405.05",17-44-25-P4-00400.0910
2026-06-26T04:30:12,CLOSED,25-CA-000068,07/16/2026 09:00 AM ET,"2797 FIRST ST 2001 FORT MYERS, FL- 33916","$69,792.96","$585,841.00","$69,792.96",13-44-24-P2-03000.2001
2026-06-26T04:30:12,CLOSED,25-CA-000630,07/16/2026 09:00 AM ET,"233 CAPE CORAL PKWY E CAPE CORAL, FL- 33904","$1,101,226.07","$346,904.00","$629,157.95",Property
2026-06-26T04:30:12,CLOSED,17-CA-003958,07/23/2026 09:00 AM ET,"1022 SE 20TH ST CAPE CORAL, FL- 33990","$52,811.81","$346,892.00","$246,636.96",Property
2026-06-26T04:30:12,CLOSED,25-CA-002365,07/23/2026 09:00 AM ET,"11436 CANOPY LOOP FORT MYERS, FL- 33913","$579,462.65","$430,220.00","$579,462.65",08-45-26-L3-29013.0260
2026-06-26T04:30:12,CLOSED,25-CA-004460,07/23/2026 09:00 AM ET,"112 NW 35TH PL CAPE CORAL, FL- 33993","$450,700.48","$332,618.00","$450,700.48",07-44-23-C3-04171.0310
2026-06-26T04:30:12,CLOSED,25-CA-004484,07/23/2026 09:00 AM ET,"703 WILDWOOD PKWY CAPE CORAL, FL- 33904","$139,069.11","$310,249.00","$139,069.11",01-45-23-C3-00463.0210
2026-06-26T04:30:12,CLOSED,25-CA-005377,07/23/2026 09:00 AM ET,"3426 MENORES WAY FORT MYERS, FL- 33905","$341,308.15","$323,890.00","$341,308.15",34-43-26-L3-10000.7930
2026-06-26T04:30:12,CLOSED,25-CA-006479,07/23/2026 09:00 AM ET,"126 PARISH DR LEHIGH ACRES, FL- 33974","$262,666.56","$305,569.00","$262,666.56",18-45-27-L4-18061.0060
2026-06-26T04:30:12,CLOSED,25-CA-006555,07/23/2026 09:00 AM ET,"2935 WINONA DR NORTH FORT MYERS, FL- 33917","$281,890.81","$127,501.00","$281,890.81",26-43-24-02-00026.0000
2026-06-26T04:30:12,CLOSED,25-CA-007067,07/23/2026 09:00 AM ET,"1807 SW 21ST LN CAPE CORAL, FL- 33991","$267,772.03","$268,741.00","$267,772.03",28-44-23-C3-04843.0300
2026-06-26T04:30:12,CLOSED,25-CA-001914,07/30/2026 09:00 AM ET,"8075 PENNY DR NORTH FORT MYERS, FL- 33917",$0.00,"$132,754.00","$205,104.39",Property
2026-06-26T04:30:12,CLOSED,25-CA-004816,07/30/2026 09:00 AM ET,"1930 NE 28TH ST CAPE CORAL, FL- 33909","$386,520.02","$274,726.00","$386,520.02",29-43-24-C4-02264.0150
2026-06-26T04:30:12,CLOSED,25-CA-004844,07/30/2026 09:00 AM ET,"2113 LOCHMOOR CIR NORTH FORT MYERS, FL- 33903","$261,884.89","$326,621.00","$261,884.89",16-44-24-29-00000.1100
2026-06-26T04:30:12,CLOSED,25-CA-004920,07/30/2026 09:00 AM ET,"1125 NE 36TH ST CAPE CORAL, FL- 33909",$0.00,"$232,160.00","$370,744.13",Property
2026-07-01T04:32:34,NEW,21-CA-003005,07/09/2026 09:00 AM ET,"2835 SE 17TH PL CAPE CORAL, FL- 33904","$483,124.34","$479,315.00","$483,124.34",32-44-24-C4-01182.0070
2026-07-01T04:32:34,NEW,24-CA-003913,07/09/2026 09:00 AM ET,"2521 SE 19TH PL CAPE CORAL, FL- 33904","$871,674.51","$697,367.00","$129,267.30",Property
2026-07-01T04:32:34,NEW,24-CA-007452,07/09/2026 09:00 AM ET,"2436 CHANDLER AVE FORT MYERS, FL- 33907","$286,329.25","$408,766.00","$286,329.25",13-45-24-05-00029.0050
2026-07-01T04:32:34,NEW,25-CA-000531,07/09/2026 09:00 AM ET,"1303 SW 34TH ST CAPE CORAL, FL- 33914","$224,129.66","$300,715.00","$224,129.66",03-45-23-C1-03254.0390
2026-07-01T04:32:34,NEW,25-CA-000751,07/09/2026 09:00 AM ET,"4328 NW 35TH AVE CAPE CORAL, FL- 33993","$365,928.70","$312,099.00","$365,928.70",07-43-23-C3-06111.0260
2026-07-01T04:32:34,NEW,25-CA-001174,07/09/2026 09:00 AM ET,"3807 9TH ST SW LEHIGH ACRES, FL- 33976","$315,443.06","$21,803.00","$315,443.06",34-44-26-L2-11103.0070
2026-07-01T04:32:34,NEW,25-CA-001497,07/09/2026 09:00 AM ET,"11150 ORANGEWOOD DR BONITA SPRINGS, FL- 34135","$87,189.39","$269,319.00","$87,189.39",36-47-25-B4-0040B.0110
2026-07-01T04:32:34,NEW,25-CA-001952,07/09/2026 09:00 AM ET,"11575 CANOPY LOOP FORT MYERS, FL- 33913","$86,849.65","$617,901.00","$86,849.65",08-45-26-L3-28010.0190
2026-07-01T04:32:34,NEW,25-CA-001970,07/09/2026 09:00 AM ET,"7215 HENDRY CREEK DR FORT MYERS, FL- 33908","$871,960.22","$658,595.00","$871,960.22",35-45-24-04-0000A.0040
2026-07-01T04:32:34,NEW,18-CC-004510,07/16/2026 09:00 AM ET,"98 SABLE DR LOT 98 NORTH FORT MYERS , FL- 33917","$49,840.15","$234,893.00","$59,455.13",Property
2026-07-01T04:32:34,NEW,23-CA-012707,07/16/2026 09:00 AM ET,"2445 WEST GULF DR 44A SANIBEL, FL- 33957","$803,646.27","$69,925.00","$803,646.27",35-46-22-T2-0130A.0440
2026-07-01T04:32:34,NEW,24-CA-000139,07/16/2026 09:00 AM ET,"2803 SW 37TH TER CAPE CORAL, FL- 33914","$1,000,933.58","$1,465,977.00","$1,000,933.58",05-45-23-C4-04906.0200
2026-07-01T04:32:34,NEW,24-CA-000231,07/16/2026 09:00 AM ET,"3031 GUAVA ST FORT MYERS, FL- 33916","$62,379.78","$130,631.00","$62,379.78",18-44-25-P4-0010F.0130
2026-07-01T04:32:34,NEW,24-CA-003399,07/16/2026 09:00 AM ET,"907 ALVIN AVE LEHIGH ACRES, FL- 33971","$267,774.45","$244,190.00","$267,774.45",30-44-26-L2-04027.0110
2026-07-01T04:32:34,NEW,24-CA-005519,07/16/2026 09:00 AM ET,"1808 S PALMDALE CT FORT MYERS, FL- 33916","$174,405.05","$148,656.00","$174,405.05",17-44-25-P4-00400.0910
2026-07-01T04:32:34,NEW,25-CA-000068,07/16/2026 09:00 AM ET,"2797 FIRST ST 2001 FORT MYERS, FL- 33916","$69,792.96","$585,841.00","$69,792.96",13-44-24-P2-03000.2001
2026-07-01T04:32:34,NEW,25-CA-000630,07/16/2026 09:00 AM ET,"233 CAPE CORAL PKWY E CAPE CORAL, FL- 33904","$1,101,226.07","$346,904.00","$629,157.95",Property
2026-07-01T04:32:34,NEW,17-CA-003958,07/23/2026 09:00 AM ET,"1022 SE 20TH ST CAPE CORAL, FL- 33990","$52,811.81","$346,892.00","$246,636.96",Property
2026-07-01T04:32:34,NEW,25-CA-002365,07/23/2026 09:00 AM ET,"11436 CANOPY LOOP FORT MYERS, FL- 33913","$579,462.65","$430,220.00","$579,462.65",08-45-26-L3-29013.0260
2026-07-01T04:32:34,NEW,25-CA-004460,07/23/2026 09:00 AM ET,"112 NW 35TH PL CAPE CORAL, FL- 33993","$450,700.48","$332,618.00","$450,700.48",07-44-23-C3-04171.0310
2026-07-01T04:32:34,NEW,25-CA-004484,07/23/2026 09:00 AM ET,"703 WILDWOOD PKWY CAPE CORAL, FL- 33904","$139,069.11","$310,249.00","$139,069.11",01-45-23-C3-00463.0210
2026-07-01T04:32:34,NEW,25-CA-005377,07/23/2026 09:00 AM ET,"3426 MENORES WAY FORT MYERS, FL- 33905","$341,308.15","$323,890.00","$341,308.15",34-43-26-L3-10000.7930
2026-07-01T04:32:34,NEW,25-CA-006479,07/23/2026 09:00 AM ET,"126 PARISH DR LEHIGH ACRES, FL- 33974","$262,666.56","$305,569.00","$262,666.56",18-45-27-L4-18061.0060
2026-07-01T04:32:34,NEW,25-CA-006555,07/23/2026 09:00 AM ET,"2935 WINONA DR NORTH FORT MYERS, FL- 33917","$281,890.81","$127,501.00","$281,890.81",26-43-24-02-00026.0000
2026-07-01T04:32:34,NEW,25-CA-007067,07/23/2026 09:00 AM ET,"1807 SW 21ST LN CAPE CORAL, FL- 33991","$267,772.03","$268,741.00","$267,772.03",28-44-23-C3-04843.0300
2026-07-01T04:32:34,NEW,25-CA-001543,07/30/2026 09:00 AM ET,"11046 LAKELAND CIR FORT MYERS, FL- 33913","$266,403.05","$313,223.00","$266,403.05",05-45-26-02-0000A.0240
2026-07-01T04:32:34,NEW,25-CA-001914,07/30/2026 09:00 AM ET,"2153 CAPE HEATHER CIR CAPE CORAL, FL- 33991","$411,662.17","$255,252.00","$411,662.17",28-44-23-C1-00215.0570
2026-07-01T04:32:34,NEW,25-CA-002317,07/30/2026 09:00 AM ET,"3213 VERA CT LEHIGH ACRES, FL- 33976","$232,798.37","$21,803.00","$232,798.37",11-45-26-L1-01005.0020
2026-07-01T04:32:34,NEW,25-CA-003158,07/30/2026 09:00 AM ET,"17436 INGRAM RD FORT MYERS, FL- 33967","$231,774.12","$180,793.00","$231,774.12",09-46-25-02-00169.0400
2026-07-01T04:32:34,NEW,25-CA-004333,07/30/2026 09:00 AM ET,"3815/3817 SKYLINE BLVD CAPE CORAL, FL- 33914","$584,290.15","$307,994.00","$584,290.15",02-45-23-C4-01753.0050
2026-07-01T04:32:34,NEW,25-CA-004444,07/30/2026 09:00 AM ET,"8075 PENNY DR NORTH FORT MYERS, FL- 33917","$205,104.39","$132,754.00","$205,104.39",24-43-24-03-00035.0220
2026-07-01T04:32:34,NEW,25-CA-004758,07/30/2026 09:00 AM ET,"930 SW 28TH ST CAPE CORAL, FL- 33914","$382,601.42","$310,794.00","$382,601.42",34-44-23-C2-03219.0460
2026-07-01T04:32:34,NEW,25-CA-004816,07/30/2026 09:00 AM ET,"1930 NE 28TH ST CAPE CORAL, FL- 33909","$386,520.02","$274,726.00","$386,520.02",29-43-24-C4-02264.0150
2026-07-01T04:32:34,NEW,25-CA-004844,07/30/2026 09:00 AM ET,"2113 LOCHMOOR CIR NORTH FORT MYERS, FL- 33903","$261,884.89","$326,621.00","$261,884.89",16-44-24-29-00000.1100
2026-07-01T04:32:34,NEW,25-CA-005063,07/30/2026 09:00 AM ET,"1125 NE 36TH ST CAPE CORAL, FL- 33909","$370,744.13","$232,160.00","$370,744.13",19-43-24-C1-05576.0370
2026-07-02T04:32:43,NEW,25-CA-002800,07/30/2026 09:00 AM ET,"476 NE 3RD AVE CAPE CORAL, FL- 33909","$420,093.09","$287,557.00","$420,093.09",12-44-23-C1-02365.0310
2026-07-02T04:32:43,CLOSED,25-CA-005063,07/30/2026 09:00 AM ET,"1125 NE 36TH ST CAPE CORAL, FL- 33909","$370,744.13","$232,160.00","$370,744.13",19-43-24-C1-05576.0370
2026-07-03T04:32:43,NEW,24-CA-004319,07/09/2026 09:00 AM ET,"2521 SE 19TH PL CAPE CORAL, FL- 33904","$129,267.30","$697,367.00","$129,267.30",32-44-24-C2-01206.0240
2026-07-03T04:32:43,NEW,25-CA-004352,07/30/2026 09:00 AM ET,"2306 EPHRAIM AVE FORT MYERS, FL- 33907","$345,071.16","$259,775.00","$345,071.16",13-45-24-08-00048.0020
2026-07-03T04:32:43,CLOSED,25-CA-004844,07/30/2026 09:00 AM ET,"2113 LOCHMOOR CIR NORTH FORT MYERS, FL- 33903","$261,884.89","$326,621.00","$261,884.89",16-44-24-29-00000.1100
2026-07-06T04:32:43,NEW,25-CA-002348,07/16/2026 09:00 AM ET,"235 EUPHRATES AVE S LEHIGH ACRES, FL- 33974","$32,005.17","$15,343.00","$32,005.17",02-45-27-L3-12079.0070
2026-07-06T04:32:43,NEW,25-CA-002432,07/23/2026 09:00 AM ET,"112 NW 35TH PL CAPE CORAL, FL- 33993","$273,422.70","$332,618.00","$450,700.48",Property
2026-07-06T04:32:43,CLOSED,25-CA-000068,07/16/2026 09:00 AM ET,"2797 FIRST ST 2001 FORT MYERS, FL- 33916","$69,792.96","$585,841.00","$69,792.96",13-44-24-P2-03000.2001
2026-07-06T04:32:43,CLOSED,25-CA-004460,07/23/2026 09:00 AM ET,"112 NW 35TH PL CAPE CORAL, FL- 33993","$450,700.48","$332,618.00","$450,700.48",07-44-23-C3-04171.0310
2026-07-07T04:32:42,NEW,25-CA-004460,07/23/2026 09:00 AM ET,"112 NW 35TH PL CAPE CORAL, FL- 33993","$450,700.48","$332,618.00","$450,700.48",07-44-23-C3-04171.0310
2026-07-07T04:32:42,NEW,24-CA-003878,08/06/2026 09:00 AM ET,"5761 FOXLAKE DR NORTH FORT MYERS, FL- 33917","$69,848.18","$94,881.00","$69,848.18",36-43-24-25-02000.00F0
2026-07-07T04:32:42,NEW,25-CA-001851,08/06/2026 09:00 AM ET,"6106 ISLAND PARK CT FORT MYERS, FL- 33908",$0.00,"$75,592.00","$242,976.94",Property
2026-07-07T04:32:42,NEW,25-CA-004863,08/06/2026 09:00 AM ET,"13032 EIGHTH ST FORT MYERS, FL- 33905","$133,712.39","$292,245.00","$356,358.82",Property
2026-07-08T04:32:43,NEW,25-CA-003243,08/06/2026 09:00 AM ET,"4632 SE 5TH PL 4 CAPE CORAL, FL- 33904","$69,706.49","$215,845.00","$30,463.77",Property
2026-07-08T04:32:43,NEW,25-CA-004220,08/06/2026 09:00 AM ET,"2608 NW 21ST TER CAPE CORAL, FL- 33993","$220,707.39","$33,108.00","$220,707.39",32-43-23-C2-06133.0180
2026-07-08T04:32:43,NEW,25-CA-004356,08/06/2026 09:00 AM ET,"2242 HAVANA AVE FORT MYERS, FL- 33905","$166,058.48","$299,589.00","$166,058.48",30-43-26-04-0000B.0070
2026-07-08T04:32:43,NEW,25-CA-004361,08/06/2026 09:00 AM ET,"6106 ISLAND PARK CT FORT MYERS, FL- 33908","$242,976.94","$75,592.00","$242,976.94",13-46-24-00-00003.0140
2026-07-08T04:32:43,NEW,25-CA-005424,08/06/2026 09:00 AM ET,"2420 WOODLAND BLVD FORT MYERS, FL- 33907","$276,224.47","$350,263.00","$276,224.47",13-45-24-18-00079.0040
2026-07-09T04:32:42,NEW,25-CA-002526,07/09/2026 09:00 AM ET,"9771 CYPRESS LAKE DR FORT MYERS, FL- 33919","$1,093,206.38","$1,241,451.00",Hidden,21-45-24-09-00000.1230
2026-07-09T04:32:42,NEW,24-CA-002876,08/13/2026 09:00 AM ET,"293 PALM LAKE DR SANIBEL, FL- 33957","$195,980.18","$435,689.00","$930,502.60",Property
2026-07-09T04:32:42,NEW,25-CA-004741,08/13/2026 09:00 AM ET,"24519 DOLPHIN ST BONITA SPRINGS, FL- 34134","$237,346.90","$803,154.00","$875,190.61",Property
2026-07-09T04:32:42,CLOSED,21-CA-003005,07/09/2026 09:00 AM ET,"2835 SE 17TH PL CAPE CORAL, FL- 33904","$483,124.34","$479,315.00",Hidden,32-44-24-C4-01182.0070
2026-07-10T04:32:40,NEW,25-CA-003812,08/13/2026 09:00 AM ET,"824 FREDERICK REID ST E LEHIGH ACRES, FL- 33974","$145,072.07","$170,263.00","$145,072.07",15-45-27-L2-10065.0100
2026-07-10T04:32:40,NEW,25-CA-004038,08/13/2026 09:00 AM ET,"4104 NW 25TH ST CAPE CORAL, FL- 33993","$266,958.18","$44,413.00","$302,575.14",Property
2026-07-10T04:32:40,NEW,25-CA-004308,08/13/2026 09:00 AM ET,"293 PALM LAKE DR SANIBEL, FL- 33957","$295,180.94","$435,689.00","$930,502.60",Property
2026-07-10T04:32:40,NEW,25-CA-004892,08/13/2026 09:00 AM ET,"24519 DOLPHIN ST BONITA SPRINGS, FL- 34134","$92,331.97","$803,154.00","$875,190.61",Property
2026-07-10T04:32:40,CLOSED,24-CA-003913,07/09/2026 09:00 AM ET,"2186 EGRET CIR SANIBEL, FL- 33957","$871,674.51","$522,146.00",Hidden,25-46-22-T1-00600.0120
2026-07-10T04:32:40,CLOSED,24-CA-004319,07/09/2026 09:00 AM ET,"2521 SE 19TH PL CAPE CORAL, FL- 33904","$129,267.30","$697,367.00","$129,267.30",32-44-24-C2-01206.0240
2026-07-10T04:32:40,CLOSED,25-CA-000531,07/09/2026 09:00 AM ET,"1303 SW 34TH ST CAPE CORAL, FL- 33914","$224,129.66","$300,715.00","$218,500.00",03-45-23-C1-03254.0390
2026-07-10T04:32:40,CLOSED,25-CA-000751,07/09/2026 09:00 AM ET,"4328 NW 35TH AVE CAPE CORAL, FL- 33993","$365,928.70","$312,099.00",Hidden,07-43-23-C3-06111.0260
2026-07-10T04:32:40,CLOSED,25-CA-001174,07/09/2026 09:00 AM ET,"3807 9TH ST SW LEHIGH ACRES, FL- 33976","$315,443.06","$21,803.00","$322,591.26",34-44-26-L2-11103.0070
2026-07-10T04:32:40,CLOSED,25-CA-001497,07/09/2026 09:00 AM ET,"11150 ORANGEWOOD DR BONITA SPRINGS, FL- 34135","$87,189.39","$269,319.00",Hidden,36-47-25-B4-0040B.0110
2026-07-10T04:32:40,CLOSED,25-CA-001952,07/09/2026 09:00 AM ET,"11575 CANOPY LOOP FORT MYERS, FL- 33913","$86,849.65","$617,901.00","$86,849.65",08-45-26-L3-28010.0190
2026-07-10T04:32:40,CLOSED,25-CA-001970,07/09/2026 09:00 AM ET,"7215 HENDRY CREEK DR FORT MYERS, FL- 33908","$871,960.22","$658,595.00","$871,960.22",35-45-24-04-0000A.0040
2026-07-10T04:32:40,CLOSED,25-CA-002526,07/09/2026 09:00 AM ET,"9771 CYPRESS LAKE DR FORT MYERS, FL- 33919","$1,093,206.38","$1,241,451.00",Hidden,21-45-24-09-00000.1230
2026-07-13T04:32:34,NEW,25-CA-004126,08/13/2026 09:00 AM ET,"4104 NW 25TH ST CAPE CORAL, FL- 33993","$302,575.14","$44,413.00","$302,575.14",25-43-22-C3-05177.0340
2026-07-13T04:32:34,NEW,25-CA-004684,08/13/2026 09:00 AM ET,"293 PALM LAKE DR SANIBEL, FL- 33957","$930,502.60","$435,689.00","$930,502.60",34-46-22-T2-0080B.0140
2026-07-13T04:32:34,NEW,25-CA-004928,08/13/2026 09:00 AM ET,"19630 HUBER RD NORTH FORT MYERS, FL- 33917","$268,074.46","$335,044.00","$268,074.46",07-43-25-00-00002.0150
2026-07-13T04:32:34,NEW,25-CA-005048,08/13/2026 09:00 AM ET,"24519 DOLPHIN ST BONITA SPRINGS, FL- 34134","$875,190.61","$803,154.00","$875,190.61",17-47-25-B4-0010A.0200
2026-07-14T04:32:35,NEW,25-CA-003163,07/16/2026 09:00 AM ET,"5701 RIVERSIDE DR CAPE CORAL, FL- 33904","$1,538,657.51","$1,032,137.00","$1,538,657.51",19-45-24-C2-00004.0040
2026-07-14T04:32:35,NEW,25-CA-004092,07/16/2026 09:00 AM ET,"720 LAMAR ST E LEHIGH ACRES, FL- 33974","$166,254.26","$264,213.00","$166,254.26",22-45-27-L4-12066.0080
2026-07-14T04:32:35,NEW,25-CA-004347,07/16/2026 09:00 AM ET,"3240 SOUTH SHORE DR 41B PUNTA GORDA, FL- 33955","$386,466.67","$322,677.00","$386,466.67",01-43-22-03-00041.00B0
2026-07-14T04:32:35,NEW,24-CC-009119,08/06/2026 09:00 AM ET,"1217 NW 25TH AVE CAPE CORAL, FL- 33993","$26,908.90","$276,151.00","$524,940.94",Property
2026-07-14T04:32:35,CLOSED,23-CA-012707,07/16/2026 09:00 AM ET,"2445 WEST GULF DR 44A SANIBEL, FL- 33957","$803,646.27","$69,925.00","$803,646.27",35-46-22-T2-0130A.0440
2026-07-14T04:32:35,CLOSED,24-CA-003399,07/16/2026 09:00 AM ET,"907 ALVIN AVE LEHIGH ACRES, FL- 33971","$267,774.45","$244,190.00","$267,774.45",30-44-26-L2-04027.0110
2026-07-14T04:32:35,CLOSED,24-CA-005519,07/16/2026 09:00 AM ET,"1808 S PALMDALE CT FORT MYERS, FL- 33916","$174,405.05","$148,656.00","$174,405.05",17-44-25-P4-00400.0910
2026-07-14T04:32:35,CLOSED,25-CA-001851,08/06/2026 09:00 AM ET,"1217 NW 25TH AVE CAPE CORAL, FL- 33993","$524,940.94","$276,151.00","$524,940.94",05-44-23-C2-04049.0140
2026-07-14T04:32:35,CLOSED,25-CA-004863,08/06/2026 09:00 AM ET,"304 SE 16TH ST CAPE CORAL, FL- 33990","$133,712.39","$252,836.00","$133,712.39",24-44-23-C4-00893.0030
2026-07-14T04:32:35,CLOSED,25-CA-005424,08/06/2026 09:00 AM ET,"2420 WOODLAND BLVD FORT MYERS, FL- 33907","$276,224.47","$350,263.00","$276,224.47",13-45-24-18-00079.0040
2026-07-15T04:32:34,NEW,25-CA-004836,08/13/2026 09:00 AM ET,"2711 BREEZEWOOD DR NORTH FORT MYERS, FL- 33917",$0.00,"$111,274.00","$92,331.97",Property
2026-07-15T04:32:34,CLOSED,25-CA-004892,08/13/2026 09:00 AM ET,"2711 BREEZEWOOD DR NORTH FORT MYERS, FL- 33917","$92,331.97","$111,274.00","$92,331.97",27-43-24-01-0000A.0020
2026-07-15T04:32:34,CLOSED,25-CA-005048,08/13/2026 09:00 AM ET,"24519 DOLPHIN ST BONITA SPRINGS, FL- 34134","$875,190.61","$803,154.00","$875,190.61",17-47-25-B4-0010A.0200
2026-07-16T04:32:38,NEW,24-CA-005519,07/16/2026 09:00 AM ET,"1808 S PALMDALE CT FORT MYERS, FL- 33916","$174,405.05","$148,656.00","$150,000.00",17-44-25-P4-00400.0910
2026-07-16T04:32:38,CLOSED,25-CA-004347,07/16/2026 09:00 AM ET,"3240 SOUTH SHORE DR 41B PUNTA GORDA, FL- 33955","$386,466.67","$322,677.00","$386,466.67",01-43-22-03-00041.00B0
2026-07-17T04:32:34,NEW,25-CA-003385,08/06/2026 09:00 AM ET,"4632 SE 5TH PL 4 CAPE CORAL, FL- 33904","$316,933.86","$215,845.00","$30,463.77",Property
2026-07-17T04:32:34,NEW,25-CA-004863,08/06/2026 09:00 AM ET,"304 SE 16TH ST CAPE CORAL, FL- 33990","$133,712.39","$252,836.00","$133,712.39",24-44-23-C4-00893.0030
2026-07-17T04:32:34,NEW,24-CC-007231,08/13/2026 09:00 AM ET,"824 FREDERICK REID ST E LEHIGH ACRES, FL- 33974","$24,501.56","$170,263.00","$145,072.07",Property
2026-07-17T04:32:34,CLOSED,18-CC-004510,07/16/2026 09:00 AM ET,"98 SABLE DR LOT 98 NORTH FORT MYERS, FL- 33917","$49,840.15","$234,893.00",Hidden,Property
2026-07-17T04:32:34,CLOSED,24-CA-000139,07/16/2026 09:00 AM ET,"2803 SW 37TH TER CAPE CORAL, FL- 33914","$1,000,933.58","$1,465,977.00",Hidden,05-45-23-C4-04906.0200
2026-07-17T04:32:34,CLOSED,24-CA-000231,07/16/2026 09:00 AM ET,"3031 GUAVA ST FORT MYERS, FL- 33916","$62,379.78","$130,631.00",Hidden,18-44-25-P4-0010F.0130
2026-07-17T04:32:34,CLOSED,24-CA-005519,07/16/2026 09:00 AM ET,"1808 S PALMDALE CT FORT MYERS, FL- 33916","$174,405.05","$148,656.00","$150,000.00",17-44-25-P4-00400.0910
2026-07-17T04:32:34,CLOSED,25-CA-000630,07/16/2026 09:00 AM ET,"233 CAPE CORAL PKWY E CAPE CORAL, FL- 33904","$1,101,226.07","$346,904.00",Hidden,Property
2026-07-17T04:32:34,CLOSED,25-CA-002348,07/16/2026 09:00 AM ET,"235 EUPHRATES AVE S LEHIGH ACRES, FL- 33974","$43,333.16","$15,343.00","$35,823.73",02-45-27-L3-12079.0070
2026-07-17T04:32:34,CLOSED,25-CA-003163,07/16/2026 09:00 AM ET,"5701 RIVERSIDE DR CAPE CORAL, FL- 33904","$1,538,657.51","$1,032,137.00",Hidden,19-45-24-C2-00004.0040
2026-07-17T04:32:34,CLOSED,25-CA-004092,07/16/2026 09:00 AM ET,"720 LAMAR ST E LEHIGH ACRES, FL- 33974","$166,254.26","$264,213.00","$162,400.00",22-45-27-L4-12066.0080
2026-07-17T04:32:34,CLOSED,25-CA-006479,07/23/2026 09:00 AM ET,"126 PARISH DR LEHIGH ACRES, FL- 33974","$262,666.56","$305,569.00","$262,666.56",18-45-27-L4-18061.0060
2026-07-17T04:32:34,CLOSED,25-CA-003243,08/06/2026 09:00 AM ET,"4632 SE 5TH PL 4 CAPE CORAL, FL- 33904","$69,706.49","$215,845.00","$30,463.77",Property
2026-07-17T04:32:34,CLOSED,25-CA-003812,08/13/2026 09:00 AM ET,"824 FREDERICK REID ST E LEHIGH ACRES, FL- 33974","$145,072.07","$170,263.00","$145,072.07",15-45-27-L2-10065.0100
2026-07-17T04:32:34,CLOSED,25-CA-004928,08/13/2026 09:00 AM ET,"19630 HUBER RD NORTH FORT MYERS, FL- 33917","$268,074.46","$335,044.00","$268,074.46",07-43-25-00-00002.0150
2026-07-20T04:32:35,NEW,25-CA-003933,08/13/2026 09:00 AM ET,"3632 SE 8TH PL CAPE CORAL, FL- 33904",$0.00,"$265,429.00","$266,958.18",Property
2026-07-20T04:32:35,CLOSED,25-CA-004038,08/13/2026 09:00 AM ET,"3632 SE 8TH PL CAPE CORAL, FL- 33904","$266,958.18","$265,429.00","$266,958.18",06-45-24-C4-00453.0570
2026-07-20T04:32:35,CLOSED,25-CA-004741,08/13/2026 09:00 AM ET,"317 HAMILTON AVE LEHIGH ACRES, FL- 33936","$237,346.90","$246,763.00","$237,346.90",35-44-27-L2-11042.0210
2026-07-20T04:32:35,CLOSED,25-CA-004836,08/13/2026 09:00 AM ET,"2711 BREEZEWOOD DR NORTH FORT MYERS, FL- 33917",$0.00,"$111,274.00","$92,331.97",Property
2026-07-21T04:32:38,NEW,25-CA-001851,08/06/2026 09:00 AM ET,"1217 NW 25TH AVE CAPE CORAL, FL- 33993","$524,940.94","$276,151.00","$524,940.94",05-44-23-C2-04049.0140
2026-07-23T04:32:37,NEW,25-CA-002748,08/13/2026 09:00 AM ET,"824 FREDERICK REID ST E LEHIGH ACRES, FL- 33974",$0.00,"$170,263.00","$145,072.07",Property
2026-07-24T04:32:34,CLOSED,17-CA-003958,07/23/2026 09:00 AM ET,"1022 SE 20TH ST CAPE CORAL, FL- 33990","$52,811.81","$346,892.00",Hidden,Property
2026-07-24T04:32:34,CLOSED,25-CA-002365,07/23/2026 09:00 AM ET,"11436 CANOPY LOOP FORT MYERS, FL- 33913","$579,462.65","$430,220.00",Hidden,08-45-26-L3-29013.0260
2026-07-24T04:32:34,CLOSED,25-CA-002432,07/23/2026 09:00 AM ET,"16440 ARBOR RIDGE DR FORT MYERS, FL- 33908","$273,244.70","$113,851.00","$273,244.70",02-46-23-02-0000D.0660
2026-07-24T04:32:34,CLOSED,25-CA-004460,07/23/2026 09:00 AM ET,"112 NW 35TH PL CAPE CORAL, FL- 33993","$450,700.48","$332,618.00","$335,000.00",07-44-23-C3-04171.0310
2026-07-24T04:32:34,CLOSED,25-CA-004484,07/23/2026 09:00 AM ET,"15409 BELLAMAR CIR FORT MYERS, FL- 33908","$139,069.11","$175,712.00","$141,566.69",31-45-24-54-00007.0713
2026-07-24T04:32:34,CLOSED,25-CA-005377,07/23/2026 09:00 AM ET,"3426 MENORES WAY FORT MYERS, FL- 33905","$341,308.15","$323,890.00",Hidden,34-43-26-L3-10000.7930
2026-07-24T04:32:34,CLOSED,25-CA-006555,07/23/2026 09:00 AM ET,"2935 WINONA DR NORTH FORT MYERS, FL- 33917","$281,890.81","$127,501.00","$94,400.00",26-43-24-02-00026.0000
2026-07-24T04:32:34,CLOSED,25-CA-007067,07/23/2026 09:00 AM ET,"1807 SW 21ST LN CAPE CORAL, FL- 33991","$267,772.03","$268,741.00",Hidden,28-44-23-C3-04843.0300
2026-07-27T04:32:36,NEW,25-CA-003297,08/13/2026 09:00 AM ET,"4406 DANNY AVE CAPE CORAL, FL- 33914","$530,216.12","$555,253.00","$530,216.12",08-45-23-C4-00200.0020
2026-07-27T04:32:36,NEW,25-CA-003812,08/13/2026 09:00 AM ET,"824 FREDERICK REID ST E LEHIGH ACRES, FL- 33974","$145,072.07","$170,263.00","$145,072.07",15-45-27-L2-10065.0100
2026-07-27T04:32:36,NEW,25-CA-004038,08/13/2026 09:00 AM ET,"3632 SE 8TH PL CAPE CORAL, FL- 33904","$266,958.18","$265,429.00","$266,958.18",06-45-24-C4-00453.0570
2026-07-28T04:32:36,NEW,24-CA-007460,08/20/2026 09:00 AM ET,"24200 STILLWELL PKWY BONITA SPRINGS, FL- 34135","$388,878.56","$604,404.00","$162,435.68",Property
2026-07-28T04:32:36,NEW,25-CA-000609,08/20/2026 09:00 AM ET,"734 SE 43RD ST CAPE CORAL, FL- 33904","$121,553.12","$571,723.00","$868,077.98",Property
2026-07-29T04:32:37,NEW,25-CA-001692,08/20/2026 09:00 AM ET,"734 SE 43RD ST CAPE CORAL, FL- 33904","$868,077.98","$571,723.00","$868,077.98",12-45-23-C2-00277.0170
2026-07-29T04:32:37,NEW,25-CA-003228,08/20/2026 09:00 AM ET,"5276 ESTERO BLVD FORT MYERS BEACH, FL- 33931",$0.00,"$2,176,430.00","$1,655,831.23",Property
